run_num,seed,epochs,batchsize,learnrate,reg1,reg2,num_in,node1,node2,weight_init,fun1,fun2,trloss,teloss,shloss,trainPE,testPE,showPE,trainCC,testCC,showCC,TT,w1,w2,w3,w4,w5,w6,w7,w8,w9,w10,w11,w12,w13,w14,w15,w16,w17,w18,w19,w20,w21,w22,w23,w24,w25,w26,w27,w28,w29,w30,w31,w32,w33,w34,w35,w36,w37,w38,w39,w40,w41,w42,w43,w44,w45,w46,w47,w48,w49,w50,w51,w52,w53,w54,w55,w56,w57,w58,w59,w60,w61,w62,w63,w64,w65,w66,w67,w68,w69,w70,w71,w72,w73,w74,w75,w76,w77,w78,w79,w80,w81,w82,w83,w84,w85
1,1,1600,300,0.012,0.001,0.001,85,25,25,1,selu,sigmoid,0.278065,0.310603,0.307191,0.885616,0.857967,0.8293659999999999,0.941867,0.9268149999999999,0.915209,114.930353,0.35113178406400003,7.4195468e-05,0.000245855229,0.387197207127,1.1870763472149999,0.068507041034,-0.000141018714,-0.000162822485,0.006017041498999999,0.205452809819,0.002398007868,-7.6694775e-05,-0.001135847254,0.000173176163,0.011648832908000001,0.001516440777,-0.000207346126,-8.4232884e-05,-5.2321528e-05,0.016829609635999998,-2.5825104000000002e-05,0.000133368332,0.023093441904000003,-0.000285807885,0.701499189649,0.00017745541099999999,-0.00020245898000000002,-0.000246333966,0.000318559549,0.000497513062,-0.000103851051,5.559722e-05,-0.000246719979,7.9939962e-05,0.100517718452,-0.00019437702499999998,0.000205198995,0.000262099594,0.045556126961000004,0.8926966020039999,0.039277933089,0.08689539596000001,-0.000373980893,0.09697126677000001,0.515773390021,0.025234881173,-0.00013931055700000002,7.4910738e-05,0.146294579683,0.789129989488,0.00191341932,0.0018082116100000005,1.1149055e-05,0.000280385887,0.761647880077,0.067375617368,-8.177775e-06,0.053560655947000005,0.039650889746,0.380755318063,0.010247795547,0.006427871535,0.011126209649000001,0.002346886171,0.396488147123,-0.000340759711,-0.000179618478,0.00017725654600000005,2.8316778e-05,0.241639869022,0.0017039980590000002,-0.001505208314,-0.0014127168559999999,0.012091588738,0.323542950116,0.003266846925,0.00850355457,0.0035061219809999996,0.00016573383,0.315571753042,0.0036757013700000007,-0.004574857415,0.049431757708,0.349983711328,1.172314924853
2,2,1600,300,0.012,0.001,0.001,85,25,25,1,selu,sigmoid,0.275321,0.31164400000000003,0.30548400000000003,0.887834,0.8569959999999999,0.8312370000000001,0.943054,0.926359,0.915654,54.187527,0.355835012027,0.000127927839,-0.00019619114,0.33511605858800003,1.077790600913,0.060075331479,7.2354541e-05,0.001971177207,0.020569107864,0.297489626067,0.000964709842,0.00013940461799999998,-0.000214223058,-0.00032606474900000003,-0.00012759150600000002,8.6317817e-05,7.7738795e-05,0.004911883201,0.000549479638,0.042532694848,3.6987758e-05,9.1026975e-05,0.017805373834,-0.000145587414,0.6182018177849999,-0.000325189194,2.3604733e-05,2.7659816e-05,-0.000261220731,0.000194125551,-6.870022e-05,-0.0016040238800000002,-0.000150722278,0.00016109122100000002,0.169216655727,0.003891086767,-0.001924101511,0.000309138402,0.045877788748000005,0.8429723807739999,0.037569634018,0.118099054147,-0.00030806211,0.09973859175,0.512521897044,0.022864165550000003,-0.0017128833110000002,0.000351364525,0.155810695449,0.7272575582780001,-7.2307730000000015e-06,-0.000184587642,0.008319931346,0.000139837591,0.672706944602,0.07299418490000001,4.5795838e-05,0.05451716935,0.052877084510000005,0.359947252486,0.036157630022,-0.00071214952,0.012646338137,0.006125481496,0.4110791172300001,0.000245185877,-0.000194952732,-0.000358605432,-0.000238165021,0.293489845204,0.001812483308,-0.001268428242,-0.00022437596,0.014164728522,0.29861891335900004,0.007197852409,0.009436510927,0.002313763266,6.8088859e-05,0.326540570174,0.009981482183,0.023433064285,0.038558531339,0.33872476433,1.037993175643
4,4,1600,300,0.012,0.001,0.001,85,25,25,1,selu,sigmoid,0.274337,0.30964400000000003,0.304213,0.8886629999999999,0.858823,0.8327110000000001,0.9435370000000001,0.927417,0.9162100000000001,47.64497100000001,0.348787690912,0.00020756932100000002,0.001025820366,0.34145068696599995,1.0865909372059999,0.071351691016,0.000140450444,0.0019481621840000002,0.01837711705,0.37863848252,0.001093814237,-0.00020044049100000002,0.001471519237,-0.00023046533899999998,-2.2133184e-05,-2.5800967999999998e-05,0.00032591170300000003,0.0017841350539999996,0.00033769096599999996,0.019533144585,-0.000124641548,-3.6977196e-05,0.024180144658,0.000124876899,0.638359776565,0.000608470205,0.000151153003,-7.0472129e-05,0.00020740420200000001,-0.00025240108199999997,-6.7691659e-05,0.00028004917,-0.00019939446199999998,0.002252599834,0.14000400664,-7.2049316e-05,-0.000217448151,0.000151033281,0.038798309863,0.8151959521430001,0.034950247966,0.115984033286,0.000156650206,0.08511853790200001,0.49933638743000003,0.006773827117,-5.9790171e-05,-5.6535463e-05,0.18503695806200002,0.6828013828820001,0.001226360251,-0.000202781934,0.017249054406,0.002602656571,0.660762267453,0.067149213515,4.4137281999999986e-05,0.057455389759999996,0.060629223049,0.39306341431,0.033234828114,0.000164420971,0.012134639309999999,0.001947199786,0.371996030211,0.002460564341,0.004866517081,0.00197892623,0.025188771996,0.329318798014,0.0008725177129999999,0.001819988752,0.004389878988,0.01266575096,0.281332762126,0.011565624101,0.015347141639,0.0015602030379999999,-0.00011664215899999999,0.344932800957,0.013142606172,0.0049378513679999994,0.035604997368,0.324355800237,1.012289685862
5,5,1600,300,0.012,0.001,0.001,85,25,25,1,selu,sigmoid,0.273489,0.311217,0.304931,0.889329,0.857384,0.832067,0.943927,0.926618,0.915866,47.560124,0.361937050309,3.6701926e-05,0.001563904302,0.357227930001,1.135083913803,0.07307316894999999,0.000323413067,0.001370839573,0.022120530929,0.394015041845,0.000908331578,9.630507e-05,0.00013882733999999995,0.00013561760399999998,-1.8660761e-05,-0.00012182943,-0.00014376779699999998,0.00033569502699999995,0.000627024642,0.026345460364,-0.00028499888900000004,-0.000393680613,0.034316159725,0.000287051039,0.6428749646459999,-2.8397429000000013e-05,0.000144709408,-0.000339418914,8.0664092e-05,-9.7408293e-05,0.000255116508,0.000125168336,5.4804707e-05,0.002346138417,0.098905186834,0.001986903982,0.000185776447,0.001897765486,0.053373772385,0.8139942629000001,0.030392575211,0.121155042256,1.5483741e-05,0.10578744007000004,0.516898721457,0.037244301006,4.4227471e-05,0.000189213458,0.16795659624,0.663433151586,0.000956892992,0.000227226303,0.013948359703,0.019314274096,0.662138913359,0.07191760066399999,0.000191785653,0.075417604231,0.062915359299,0.42705818585,0.036868817805,0.006128343164999999,0.014115917891,0.004140440434,0.400291108659,-0.002016394397,-0.003658110691,0.000344328058,0.017627498565,0.305381174598,0.002520198634,-0.001765480542,0.000314888162,0.004028996507,0.238068832883,0.009630456536,0.01860022766,0.0024440100090000003,0.004672977026,0.332231606756,0.015042563285,-0.00808807001,0.032065080055,0.358591224466,0.946652982916
6,6,1600,300,0.012,0.001,0.001,85,25,25,1,selu,sigmoid,0.274434,0.310342,0.30492199999999997,0.8885629999999999,0.8581770000000001,0.832159,0.9434899999999999,0.9270200000000001,0.916047,47.318095,0.35758884889700004,4.8654834e-05,0.001200986464,0.35057771844499996,1.11462273768,0.063723502015,-0.000111132754,0.0019897317480000003,0.024239145329,0.317511258381,0.000960992582,6.254712e-06,0.0013823233400000001,-0.00020805621599999998,3.9239381e-05,0.000116291664,-0.00027247821800000004,-0.000297869855,0.00031455951099999997,0.033687025602,0.00022610960299999998,-0.000116304388,0.014626838018,-0.0007450201609999999,0.629154392651,1.0244888000000001e-05,-6.3423852e-05,-0.0022680009280000002,-8.6438336e-05,-4.9055818e-05,8.073662400000001e-05,6.531815499999999e-05,0.000134769528,0.0018712850199999998,0.128932591528,0.00033159298999999997,0.001135432166,-0.000250082434,0.059041336179,0.824130415916,0.031630268389,0.143605878319,-0.000403917558,0.10461067115599999,0.494934776,0.035885120939,9.2131011e-05,3.3559557e-05,0.140831082527,0.675480169909,0.004501002476,0.000254487794,0.016438186621000002,0.01615201632,0.653674909047,0.083700898503,6.5878131e-05,0.06710172611700001,0.059991711958999994,0.427656833615,0.032076459215,0.011407888379,0.015875954293,0.010057997655,0.409512458103,-0.002306124463,0.001708145993,0.000235405605,0.013133515142,0.329170982753,-0.0011982179790000001,-0.0007858432140000001,0.001490748482,0.006190636792999999,0.310939340719,0.012104273535,0.026903685342,4.5034003000000004e-05,6.5114826e-05,0.345376242484,0.008721465535999999,0.001435865848,0.027490099094,0.352319751467,0.964081670557
7,7,1600,300,0.012,0.001,0.001,85,25,25,1,selu,sigmoid,0.272683,0.311176,0.304703,0.889977,0.857375,0.8321270000000001,0.944235,0.926581,0.915993,47.780136,0.355489590338,-0.000334349321,0.001107141455,0.323671928474,1.058511095388,0.077069839197,0.000122150602,0.002261035172,0.041185254062,0.457562088966,0.000968306266,0.000206411895,-0.000332835704,6.3950042e-05,0.00012829653999999998,0.00010214101,0.000291591807,-0.002636390882,7.5150554e-05,0.004616685575,0.001029674016,-0.000253860993,0.020506649675,0.002696598127,0.627853240286,-3.6771137e-05,1.6080731e-05,-0.000187938796,2.602219e-06,-0.000124604113,-3.1901809999999994e-05,-0.000102256746,5.284586e-06,0.002430689719,0.161532190761,0.000687477154,-6.7232185e-05,0.002513623393,0.056604133586,0.8062113949230001,0.026142332065,0.121477374341,-0.000124420502,0.080679723195,0.488642913955,0.029713013989,0.000181178932,2.36187e-05,0.179851397739,0.650231301785,0.001870614656,0.000325772774,0.022924826368,0.019701107438,0.628662603242,0.079456330743,0.000112337491,0.085667712493,0.066857537255,0.397680079298,0.033874838357,0.013011465317,0.015754171726,0.0044921794660000005,0.405053958297,-3.178504e-06,0.0072054570030000015,-0.000251241047,0.014849234068,0.340581061585,-0.001000637101,0.000117041004,0.002902936294,0.003543868471,0.225953784904,0.012148589721,0.043953175532,-0.000144637202,0.005263176274,0.327497986811,0.017560619293,0.00012983959300000002,0.03109904594,0.360379529851,0.93365916184
8,8,1600,300,0.012,0.001,0.001,85,25,25,1,selu,sigmoid,0.272624,0.30980100000000005,0.305656,0.890071,0.8587040000000001,0.8309270000000001,0.9443,0.92729,0.9152040000000001,48.003584000000004,0.361529665334,-0.000215115078,-7.711924e-05,0.31362229159899996,1.014096941267,0.075610771775,-0.00021966680799999998,0.002587142608,0.056975161369,0.466238085713,0.001063234441,-8.622864e-06,0.000401744432,0.000142687636,0.00741973533,0.000122548758,-0.00011568780699999999,-0.000528988545,-0.00025404503100000004,0.048917137622,0.0018277042480000002,0.00023689595600000002,0.038024447305,0.001851997151,0.591761818954,-9.0452701e-05,0.00011660911200000001,0.000919151388,0.000423684712,0.000265156303,-0.00018609026000000002,-0.000181450035,-0.000484056737,0.004081155467,0.150957088385,0.000838105951,-3.4264953e-05,0.006278811115999999,0.051746118215,0.794290414878,0.027060440747,0.130779105047,-0.000274921576,0.076462867005,0.46462971397799996,0.025059590894,-0.000195123434,-0.000292857117,0.203012247929,0.630034046514,-0.000523752186,0.000332226126,0.023198406098000002,0.012640242432,0.624124258757,0.08481625908299999,-4.111626100000001e-05,0.092295292499,0.073765329264,0.3877873016260001,0.026725967184000003,0.011078703071999998,0.017726369435,0.008928415959,0.3981033733910001,-0.0014076405669999998,0.007748482302,-0.001244995148,0.040141126826999995,0.347411307905,-0.000474175686,3.6558305e-05,-0.0023247262909999998,-3.8249953999999995e-05,0.233808508941,0.011834263634,0.031252060834,-9.375833500000001e-05,-0.000181694819,0.354389575975,0.020201018088,0.014947769703,0.016000772038,0.367167179074,0.8868600300380001
11,2,1600,300,0.013,0.001,0.001,85,25,25,1,selu,sigmoid,0.275871,0.311266,0.306229,0.887391,0.8573290000000001,0.830349,0.942909,0.926615,0.915446,48.098539,0.356907218695,5.0199653e-05,-0.000247043034,0.335234226925,1.084832957813,0.049769989922000005,-4.0778055e-05,0.000219281258,0.017031080767000002,0.285201441231,0.002097286996,0.000141796592,-0.002490268656,-0.001204735024,0.00014013764999999998,0.000220744506,-0.000197936765,-0.000211817901,-0.00020762899,0.040787559162,0.000323457709,-6.0768893e-05,0.016064629915,-0.000110814061,0.6371948208129999,1.4722009e-05,-1.8616113e-05,-0.0005440986400000001,-0.000125237676,-0.000100985502,-0.000107918644,0.000105393049,0.000232279937,-0.000208511702,0.147928728855,0.000135765667,-0.00025949009300000003,0.000151249381,0.046859928008000006,0.866961291858,0.034589322276,0.12778957294600002,0.00017084487600000002,0.118723411379,0.522444940039,0.022512146237,-6.2402864e-05,-9.6934626e-05,0.130837248489,0.7437552554269999,0.003799170326,0.000575716459,-0.000156442604,-0.000116631834,0.685582671847,0.075424826549,-0.003190399914,0.065708517097,0.047457955528,0.377157473138,0.029222928976,0.002090736285,0.00984523161,0.009668751102,0.42297510377,-0.000192154544,-0.013754393008,8.8380309e-05,-0.000198606172,0.246914098438,4.7566964e-05,0.001392766609,0.002263150716,0.01562834391,0.284353555496,0.0044948053460000005,0.002943020246,0.001834026482,2.539083e-06,0.297638565302,0.008031988155000001,0.00536496924,0.040498045269,0.334331646562,1.051353275776
12,3,1600,300,0.013000000000000001,0.001,0.001,85,25,25,1,selu,sigmoid,0.274975,0.310979,0.306643,0.8880950000000001,0.85755,0.8299040000000001,0.943154,0.9266840000000001,0.9150809999999999,48.0658,0.361285592828,-1.5654615e-05,0.0032895057919999997,0.35282162044699994,1.109627110618,0.057189196487,-7.5472579e-05,0.0021579250199999997,0.004855361913,0.290405939732,0.0024340980470000002,-0.00021338882099999998,-0.00023545254199999998,-0.000195384906,0.00023371109,-0.001692677897,-0.00025906281,0.005689482431,-7.7626194e-05,0.034034884301999996,7.244604099999999e-05,4.1855661e-05,0.019616341516,0.000284666476,0.63306007215,-0.000168474516,0.000252879733,0.000286880266,-1.7790420000000001e-06,-0.000270048668,0.00022886578399999998,0.000163796042,-9.9692818e-05,0.000111854089,0.08782947099199999,0.000132191955,0.000101393457,0.000172096771,0.04572626017,0.79977537053,0.027888364391000002,0.11584961961100004,0.002580737684,0.10693495215,0.47932319556,0.031174342203000006,7.284610399999999e-05,0.00011196354600000001,0.161334444677,0.679312646389,0.001349426226,0.000256197756,0.007837473362,8.831654e-06,0.653798605715,0.078107907171,-4.8934404e-05,0.06293910968,0.05577952347,0.392352040325,0.030362165998,0.001614069803,0.015051783359,0.007921595222999999,0.3710893860890001,-0.005705364884,0.0037796711330000004,8.1576771e-05,0.016676249299000002,0.28983863762400003,-0.00017315572499999998,-0.003662614135,3.6707187e-05,0.008138367251,0.29521821386,0.009163249215,0.024077476534,0.000235800232,0.002065079851,0.334599216069,-0.0045879613730000005,0.000893509997,0.048478968275,0.347323988165,0.9786256126
13,4,1600,300,0.013,0.001,0.001,85,25,25,1,selu,sigmoid,0.27526,0.310652,0.304417,0.8879,0.8579319999999999,0.8324590000000001,0.943213,0.926971,0.915945,48.26605,0.349638006517,7.578080700000001e-05,0.000947363413,0.353046204363,1.083247465747,0.0578395089,-0.000328803572,6.6331297e-05,0.009689403113,0.318824241204,0.002355080393,-0.000260327102,-0.001851778989,6.2779518e-05,0.000103953161,4.9683051e-05,0.000178430317,-2.4310767e-05,-0.0014335103289999998,0.036304649658,8.6570728e-05,4.4153535e-05,0.019622835179,-0.000490909025,0.6316708070889999,-0.0005142179000000001,0.000273816939,0.000541998495,-0.00015873215,0.000195165865,-0.000336400776,-3.6785454e-05,-0.000310754512,9.52983e-07,0.134632854548,6.4350660000000025e-06,9.7936493e-05,8.961649e-05,0.040674448679,0.8153157745090001,0.029867187275,0.09837688282,-0.0001670894,0.095288255651,0.516789380993,0.006225011976,8.518629e-06,-0.000138682317,0.175052119419,0.671129439558,0.001182810798,0.0006249860130000001,0.005617223167,0.000509593438,0.656170321362,0.062421229801,0.000129938209,0.06843155862000001,0.055376928416,0.385046292629,0.022774745629,0.009252119462,0.009891567502,0.002304948374,0.369870279516,0.00152735915,0.009866961702,0.000343649185,0.017586916535,0.306939552937,-0.002828258433,-0.00034891125099999995,0.006736700821999999,0.013063365095,0.253551701296,0.008594696472,0.03681676654,0.002395965717,-0.000272216525,0.351387281503,0.007304447867000002,0.005639990359,0.039894951458,0.3319819378,1.009740556989
14,5,1600,300,0.013000000000000001,0.001,0.001,85,25,25,1,selu,sigmoid,0.274119,0.31132,0.30527600000000005,0.8888299999999999,0.8573059999999999,0.8315440000000001,0.9436450000000001,0.9265399999999999,0.9155530000000001,47.883121,0.351659434182,5.2741502e-05,0.000824234573,0.338330441288,1.1249786615369999,0.07116283157,7.350386499999999e-05,0.000514970447,0.020928896880999998,0.33355652328,0.001241550232,7.0477931e-05,0.005171212348,0.00022373415,0.000270811813,0.00015961451499999998,-0.000179518657,-0.000286620898,-5.9922142e-05,0.040327732952999996,4.0966983e-05,-0.000167164735,0.026123004924,-9.9486235e-05,0.635784600462,0.000332964267,-0.002920070281,-0.000167347765,9.5686225e-05,-3.323501e-06,-0.000416436883,-1.1651139000000001e-05,0.000117812321,0.00037459644399999995,0.087273465977,0.0018942069169999999,0.00017344202700000002,0.000159738496,0.050978862547,0.828736679895,0.031817928887999995,0.132477810852,-0.000132474666,0.116268550179,0.506926757949,0.036263745558,0.00032474403999999997,-0.000126886696,0.169997508238,0.673633950097,6.7133297e-05,5.1037248e-05,0.013070105305000001,0.009323349946,0.6715629867139999,0.089301228989,-0.00041345162900000004,0.06927971808,0.055904497451,0.43410150068099995,0.027458807909,-0.0022393362349999997,0.010694904428000002,0.0016844762789999998,0.41476198818000004,-0.000151590478,-0.002374931413,-0.000270864662,0.014037200512000001,0.286250234715,-0.000612333928,-0.00183348387,0.002877824705,0.013480977017,0.241880731923,0.00325379968,0.036685579930000004,-0.001834235698,-8.469812e-05,0.30662366641399996,0.010832885054,-0.00035936022000000007,0.035168774656000004,0.36279483990999994,0.958771611963
15,6,1600,300,0.013,0.001,0.001,85,25,25,1,selu,sigmoid,0.274959,0.310785,0.305019,0.8881459999999999,0.8578049999999999,0.831842,0.943292,0.926816,0.915847,48.408625,0.35856956243500004,-0.000158337624,0.00058313143,0.330290253673,1.101998252528,0.051139626652,0.000248706226,0.002470061647,0.021991485073,0.302787718496,0.001276704128,0.00013233757,0.000141995802,0.000195380074,1.9562147e-05,-0.000125273115,0.000436843823,0.001951414427,0.000574990055,0.029615050652,-0.000204719437,7.415322e-06,0.021477591136,8.240156199999999e-05,0.623965740204,9.535715e-05,1.2915902000000005e-05,-0.000224081557,0.000405126529,0.000246211559,5.4598451e-05,-0.000501351059,-0.000311547162,0.002598242274,0.108638237974,0.002954208068,-8.961616400000001e-05,7.523548e-06,0.05492345084,0.824149438313,0.038190015856,0.140354893994,0.001883980607,0.119669030021,0.468003430537,0.036433134253,1.32526e-05,-0.00028026073,0.146568468107,0.6883206026890001,0.000373736964,0.00027342429,0.008380248213,0.0034385500899999995,0.662890119212,0.078082835435,-0.002796079726,0.064156633611,0.051829993388,0.393482031567,0.023473513408,0.003424550368,0.014298867478,0.006490802746,0.429997520787,7.7030429e-05,-0.004306165537,-0.000363502215,0.015931654515,0.296549227621,-0.003030807905,-0.001621791838,0.001948442114,0.007240524662,0.291086437979,0.008866567608,0.010374044185,0.002832248707,-0.000206565867,0.328155432429,0.00523682798,-0.000837228507,0.030636145949,0.345545870917,0.969981389386
21,2,1600,300,0.011000000000000001,0.001,0.001,85,25,25,1,selu,sigmoid,0.274099,0.311296,0.305239,0.888813,0.857301,0.831477,0.943591,0.9265450000000001,0.915897,48.44285900000001,0.35499115501100004,-0.00013025236800000002,6.7269775e-05,0.327711088317,1.074625219618,0.072979612276,0.000176051185,0.002319957428,0.033981774456,0.364862916725,0.0007595040579999999,8.470937200000001e-05,-0.002509395993,-0.000136876646,-0.000262499931,8.0808432e-05,8.2754784e-05,0.00043762583400000016,0.000165888269,0.036417452881,-0.000120193801,2.3469601e-05,0.024876224613,0.002078477765,0.621706851891,2.5829202e-05,-6.3033466e-05,-4.5185664e-05,-0.000167219758,9.5458359e-05,0.000137417604,-4.6855114e-05,-0.0010865014419999999,0.002339716146,0.19950107378600002,0.000581690946,0.00016973573100000002,-5.276207e-06,0.042621133849,0.833080564226,0.032431071304000005,0.128522524776,0.00010312403899999999,0.086864950934,0.5261986042769999,0.019920575779,-0.00018052301899999998,-0.000319193776,0.165717631312,0.7189644234520001,-8.89044e-06,-0.000293270494,0.010868020342999999,0.000843535901,0.6684713874539999,0.067655318699,0.000146022966,0.076187098617,0.060629266391000004,0.369898019092,0.037861588353,0.00041949649599999997,0.010833129333,0.006589566973999999,0.40561082107699997,-0.001393894347,-0.001217048836,2.653368e-05,0.010990519757999999,0.332972555288,0.0014816844400000002,0.000886960061,2.9802421e-05,0.01035030963,0.284916646779,0.015694729424999998,0.020995274097000003,-1.4844829999999999e-06,0.00030372588,0.328995189496,0.022603343544999998,0.016361617454999998,0.045865299180000006,0.322855989848,1.031086972782
22,3,1600,300,0.011,0.001,0.001,85,25,25,1,selu,sigmoid,0.274012,0.310539,0.304784,0.888858,0.8580059999999999,0.8319479999999999,0.943495,0.926846,0.916157,48.092017,0.34623933689900005,-0.000171530121,0.0027944983240000003,0.361009450895,1.100656296526,0.067029550672,0.00027321515200000004,0.003946833304,0.019033180616,0.428294899208,0.001220907577,-3.6609733e-05,5.6947694e-05,1.321057e-05,0.001958532388,1.0738037e-05,0.000163907316,0.001991277681,0.0011006475,0.008583970848,0.001379465273,-0.000187850593,0.014645279339,3.491345e-05,0.616974668843,-2.0189274e-05,-6.077897200000001e-05,0.001718753847,-0.000289910166,0.000196197541,-9.7743256e-05,5.333263200000001e-05,-4.931936e-05,0.00261503656,0.120953162567,-3.870494700000001e-05,6.055609e-05,0.000130856984,0.046253720698,0.781573593616,0.027325208565,0.128553826595,0.000316168266,0.082166451695,0.475424655846,0.037226552263,0.000110403387,2.8543661000000013e-05,0.182814850339,0.66653991597,0.005244074358,-0.000208190314,0.012536089835000002,0.004045674021,0.649270117283,0.082562640839,-0.001001396132,0.066083251898,0.064956482854,0.403585465891,0.043556472203000005,0.0007495495239999999,0.015817873188,0.0007163816629999999,0.362331160477,-2.7897811000000013e-05,-0.002403042042,-0.000156340663,0.031729687696,0.348717700158,-0.00158604131,-0.003013667746,3.021472e-06,0.008868153661,0.293515688457,0.013771282271,0.025404955115,0.0015702563519999998,0.003760526825,0.346919796297,0.000103096939,0.010203326038,0.047513843897,0.329042828509,0.957951358386
23,4,1600,300,0.011000000000000001,0.001,0.001,85,25,25,1,selu,sigmoid,0.273483,0.30972,0.304143,0.889333,0.8587610000000001,0.8327959999999999,0.9438120000000001,0.9273620000000001,0.916366,48.312022999999996,0.35197270768,-0.0002230143,0.001415445571,0.35103792377899995,1.098944016865,0.076532684533,-1.8896305e-05,0.001902680522,0.020530592305,0.42127001924199997,0.002962285305,0.00011984380499999999,5.8159492e-05,-5.323928e-06,-3.8014076e-05,-8.407099399999999e-05,-7.324353e-05,0.0053640493420000004,-9.3772719e-05,0.011771261591,0.0012307843360000001,1.8975302e-05,0.023990530559000002,0.002248340347,0.620530205114,-0.00016899213899999998,-8.1262864e-05,0.0018234603779999998,-0.000207531528,-0.00022834122200000002,6.2322845e-05,-9.4964204e-05,-0.000119344808,0.002825826986,0.168392523059,-0.003324260187,-0.000496140696,0.003714415425,0.042152998304,0.803539190974,0.030509919194,0.11691895988800001,-1.2625533e-05,0.07541223336,0.515695018428,0.012586607864000001,-2.9658437e-05,-0.00035837825100000004,0.197305498778,0.6791558095389999,0.001249749858,-4.4673431e-05,0.018447571144999998,0.003798095904,0.666478438037,0.066992179225,-8.0392095e-05,0.067243436884,0.05948401599600001,0.39515321488899996,0.042284056923,0.00519363441,0.013809154857000001,0.00018458838500000002,0.362976836307,-0.001037647314,0.0069493102590000005,-0.000232824735,0.013683043156999999,0.35813667518799996,0.002685498046,-0.002596858753,-0.001797428266,0.0071498019480000004,0.259941020182,0.018458531268,0.036146899882999996,0.005318967679999999,0.004856347169,0.3555763959880001,0.019898222923,0.003113206629,0.036535910139000004,0.33585665694300004,1.004095937525
24,5,1600,300,0.011,0.001,0.001,85,25,25,1,selu,sigmoid,0.273281,0.310492,0.304546,0.889473,0.858023,0.832568,0.943978,0.92692,0.916379,48.525255,0.34751306687100003,-1.7317025000000002e-05,0.001332148268,0.345259059753,1.118227132729,0.089424126382,4.9521202e-05,0.002195280598,0.020972717685,0.4271521398,0.001158272632,-0.000122339236,-0.004348044146,0.000340742364,0.002382233146,-6.0020782e-05,0.00011942256,0.000161714147,-0.000239717019,0.018974452627,0.001236983058,0.000103844515,0.040741408406,6.9302147e-05,0.644524122987,-0.000154133911,0.000107147728,5.9199171e-05,0.00016249862300000002,0.000204533783,0.00022702615,7.0218765e-05,-0.000137385086,0.003379185748,0.130728406133,0.000395614052,-0.000388349224,0.002382109168,0.048666805295,0.814029889447,0.022467148864000003,0.129981852469,-0.000103774002,0.094404706731,0.502290900264,0.038906327966,1.7079007e-05,7.4999114e-05,0.179299517668,0.660944453308,0.000905485412,-4.4694333e-05,0.020115764079,0.016860625802,0.651951253414,0.080291263697,1.5038581e-05,0.069462949676,0.066277835395,0.432729557157,0.033051178021,-0.003654814867,0.019736535254,0.004896595317,0.402679434844,-0.000229447779,-0.000116219179,-0.000119889829,0.026101609173,0.327883313809,-3.5168155000000003e-05,-0.003327032532,-0.00114061135,0.010552124316,0.250646049423,0.00919025171,0.034938481778000005,0.002935115614,0.0027766487070000003,0.327844894358,0.017161556284000002,0.007298775288,0.036088372277,0.343784643071,0.954989978245
25,6,1600,300,0.011000000000000001,0.001,0.001,85,25,25,1,selu,sigmoid,0.27432,0.311356,0.305392,0.888639,0.857232,0.831413,0.9434959999999999,0.92648,0.9159940000000001,48.422244,0.350536031382,-1.548072e-05,0.0031710842070000003,0.349471609507,1.097420079368,0.068976068869,-0.000378720116,0.001954549882,0.022542292452,0.335550806352,0.0011753827379999999,-0.00018284276699999998,0.000141327598,0.000119681303,0.000175101668,-4.7066993e-05,0.000112910949,-0.0021180309039999998,9.5181868e-05,0.023698791512,0.001596697214,-0.00021647004700000002,0.024755656560999997,-0.000228865764,0.613911850112,-8.678586499999999e-05,0.00010673237699999999,3.051319000000001e-05,9.0611519e-05,-8.9786027e-05,-0.000223376859,9.403841999999999e-05,-0.000124839926,0.0060928000500000004,0.173646692719,-0.001302905936,-9.0490609e-05,0.00018931561099999998,0.053473597126,0.8105475561959999,0.033736403765,0.128995361947,-1.9390012999999998e-05,0.09237036295199999,0.519131175109,0.034555310844,0.001634904368,-0.000217843878,0.15417683523700002,0.677276841232,0.001304464749,-0.00020151754300000001,0.022395340147000002,0.010776205233,0.651695779392,0.081209077009,0.000154295793,0.08028898201899999,0.058157701205,0.411936295884,0.04111385287,0.011948381932,0.019795965162,0.009858548375,0.401055825608,-0.00133280146,-0.00438066882,-0.000290229472,0.026920883298,0.351996458002,-0.00045534900099999996,0.00040662479700000003,0.000772408471,0.006451354881,0.285492418026,0.011416797967,0.023341678442,0.0036311850020000003,8.448936700000001e-05,0.326939804213,0.012503716176,0.014936489506000001,0.029369838024,0.345458843878,0.963056709085
31,2,1600,300,0.011,0.001,0.001,85,20,20,1,selu,sigmoid,0.275008,0.310372,0.305699,0.888074,0.858158,0.8310379999999999,0.943037,0.926891,0.915956,45.724814,0.35836029478500003,-2.4905215e-05,-2.6387282e-05,0.363697211657,1.07413654668,0.066512705758,0.000275010396,0.00230990068,0.012472981743,0.34898850108900004,0.000951516835,-0.000151159785,0.000302602081,-0.000210885803,1.6492474e-05,-0.000320660206,4.8182583e-05,0.005854722288,-0.000179215102,0.030117788161,-0.000213095862,-7.3304399e-05,0.022075310326,-4.896770900000002e-05,0.6288121938710001,-0.000113374231,3.3833604e-05,-0.001762674244,-8.5025474e-05,-0.000210922259,-1.4517909e-05,-0.000223461513,7.103586999999999e-05,0.0026728670980000003,0.13829354090399998,-0.000278034301,-1.8411985e-05,1.1022928999999997e-05,0.038350654367,0.824308497565,0.034387750285,0.139491110053,7.214075e-06,0.08802670932199999,0.544333010912,0.018555353689,-0.0013333388819999998,8.4687047e-05,0.179586060345,0.720389723778,0.00016640871599999998,-2.4396191e-05,0.004275505632999999,0.001427831621,0.678508256163,0.071915863082,-0.000209142416,0.064397203736,0.051951296004,0.390379482082,0.034230754756,-0.00014605260700000002,0.00958474802,0.002072592716,0.355195869293,0.001257583885,0.0075644070479999985,5.834168e-06,0.001257357566,0.299271716603,0.001701528119,-0.000267246928,0.0014658402110000002,0.01127250092,0.340963496694,0.008399539325999999,0.019499826884,0.003145514181,0.000307990695,0.32491046616,0.004933795615,0.011138295216,0.043632126272,0.332378721663,1.051032815661
32,3,1600,300,0.011000000000000001,0.001,0.001,85,20,20,1,selu,sigmoid,0.272127,0.309766,0.304708,0.890389,0.858678,0.832259,0.9441879999999999,0.927127,0.9162319999999999,45.489799,0.364704868623,0.00012027091200000001,0.001698573147,0.35631597467799997,1.1472682612279999,0.08264592662499999,-2.3920117e-05,0.002833405081,0.01263124689,0.437688857317,0.0012015300040000001,0.000312823922,0.005983516395,0.000335205402,0.0013265995490000001,-2.6444283999999996e-05,2.6136265e-05,-0.003383804918,-4.2382886e-05,0.011985809247,1.3189394999999999e-05,-1.3181212000000001e-05,0.02331489585,-4.2401559e-05,0.645168960094,-0.000157617222,-1.0886225e-05,-0.000226736741,1.7042079e-05,-0.000155915974,0.000118074158,0.000196296452,6.7147019e-05,0.0028126176,0.125720965565,-0.001199850623,-6.3901806e-05,0.000128085544,0.061466519854,0.843938316618,0.027290804237,0.120378513205,-9.6605689e-05,0.09656366652699999,0.529343055827,0.027621589689999997,0.000178288223,-2.0303566e-05,0.13746338923100002,0.6847151858470001,0.001358062954,-0.000166353579,0.015289534146,0.002367608149,0.673140730177,0.082667238021,-7.1121147e-05,0.057104913119,0.066115065079,0.44201036862,0.033408628562,0.000117198018,0.010836586394,0.007923089936000001,0.409618369171,-0.000138812967,-0.003342062217,9.8032108e-05,0.015474329523,0.336826967342,0.003079425754,-0.0013703521390000001,-0.001506103157,0.0047496641989999994,0.27926777729,0.012819040120999999,0.02236623687,0.000182974032,0.00010622613000000002,0.32688370985599996,0.020092653119,0.015361448843000001,0.053569484731,0.355989773359,0.978669549738
33,4,1600,300,0.011,0.001,0.001,85,20,20,1,selu,sigmoid,0.273299,0.310728,0.304731,0.889439,0.85782,0.8323969999999999,0.943871,0.926797,0.916623,44.619079,0.357675990888,-0.000150577366,0.0014926235,0.352476369057,1.136630449976,0.072489621384,-0.000189696788,0.002812634739,0.021367698501,0.410885329757,0.002256814349,-0.000114023163,-0.001150020145,-0.000198478797,8.8952693e-05,-0.000189341819,6.3768507e-05,0.004256391349,-5.0755629e-05,0.017773918302,0.0015260322400000002,2.3266097e-05,0.021657140224,0.0021223653100000003,0.636393759932,0.000109541981,8.3911191e-05,6.5144216e-05,0.000185698801,0.00015002604100000002,-1.7145956e-05,8.117899999999999e-06,0.000109728871,0.003754814957000001,0.12829569589099998,0.001105799335,-0.002858397789,0.001680733052,0.053834223588,0.799575754574,0.032446095537,0.121344782412,1.9574803e-05,0.082847823522,0.539598473481,0.028434651896,-0.000122027102,-9.646573e-05,0.173088846994,0.667586973735,0.001263991763,0.000177927161,0.022058709458,0.017457152973,0.630984566041,0.085109233219,-0.000284040792,0.076834424931,0.072984941121,0.427772370832,0.034082012564,0.001031988338,0.010348790275,0.003120607843,0.38437008432,0.003114421152,-0.001065653173,-6.9918879e-05,0.036835732566,0.34916171431500004,0.002992561117,-0.003744868963,0.002059830706,0.004960581656,0.266289055347,0.008412984067000001,0.011775516726,0.003398001917,-2.729089e-06,0.337375110814,0.027734371225,0.0061172844460000006,0.041760076964,0.353744394013,0.945495273386
34,5,1600,300,0.011000000000000001,0.001,0.001,85,20,20,1,selu,sigmoid,0.273391,0.311176,0.304475,0.889402,0.8573790000000001,0.832566,0.943716,0.9265040000000001,0.916483,45.636247999999995,0.34479521640699995,-0.000103992559,0.0028359502429999997,0.36734150563,1.0933136258810001,0.066414311794,-8.0247482e-05,0.001982084514,0.01734182705,0.438400004591,0.001289558158,-0.000279825039,0.00023120211200000005,8.9692361e-05,4.4730074e-05,0.000181529888,-6.452880000000001e-07,-0.00134469699,3.6746129e-05,0.008574749111999999,2.1615529000000006e-05,7.765016e-05,0.019261874934,0.000126042019,0.63239307063,-0.001024112802,7.2010256e-05,-0.000232290733,-6.2334697e-05,0.00011016132100000001,-0.000124856003,-0.000101325717,0.00022714148700000002,0.00396891389,0.13797117397199998,-0.00112442979,-0.000268126794,-0.00018103384600000002,0.044185896138,0.8034652130940001,0.029398683592,0.124683287473,-1.769747e-05,0.07941136722099999,0.5128201842310001,0.038469724389,-0.000127859146,-0.000160135893,0.177213489344,0.674493568284,0.000853398716,9.144285299999999e-05,0.013470064509,0.004170880739,0.652580848762,0.075182047434,0.001216404502,0.060772735226,0.067280521242,0.398844510317,0.051533649958,-0.002605993108,0.012608993063,0.0072431134700000005,0.34512827439000004,2.5188946e-05,-0.002428475254,6.9665916e-05,0.067684689367,0.32031334191599997,0.001380359939,0.00022814052400000001,0.000136669819,0.01244850678,0.286254172398,0.018287732974,0.015357501273,0.002964967806,0.001498430196,0.34516540382600003,0.011657865148,0.017554961243,0.049609547789,0.330807381443,0.963092650686
35,6,1600,300,0.011,0.001,0.001,85,20,20,1,selu,sigmoid,0.275021,0.310769,0.305946,0.88808,0.857759,0.8308549999999999,0.943062,0.926685,0.915966,45.509127,0.365957796574,-0.000108930339,0.001555269791,0.37449155535,1.093185024602,0.070277325011,-0.000119998252,0.002704219162,0.016451648023,0.326869644225,0.0014060986910000002,0.000138630375,-0.00017772495599999998,-0.002152626897,0.0025198737300000003,0.000125792719,7.6621291e-05,0.002129640534,-0.00016945615099999998,0.037619111991,-2.1318252e-05,-0.000185895441,0.02413501245,0.000129944694,0.626913573061,-0.000484272842,6.949946700000001e-05,6.625289000000001e-05,8.5656098e-05,-1.3339676e-05,0.000141099314,-4.0222857e-05,7.3416969e-05,-0.00016626786800000005,0.13591008129499998,-0.000400947017,-8.221657e-06,0.000164013724,0.048140398094,0.8201586774420001,0.029284771931,0.146703916577,-0.000332456338,0.093567725271,0.558900501047,0.030332220009,0.000360989528,-0.000179550624,0.160553329225,0.717078651701,-0.000288192969,5.9168920000000015e-06,0.009248189162,0.00895716186,0.6468354421,0.069140231769,-0.000101603819,0.059500438294,0.051533398085,0.410682797432,0.033524972703,-0.005606884362999999,0.009343568,0.002156466692,0.390401207975,-0.001477874961,-0.002059809666,-0.000183158153,0.006818753351,0.282479798155,0.000160207057,-0.001157370738,0.0033948491810000003,0.013408299979,0.335612610515,0.010543199581,0.011697525325,0.001974397746,8.454534700000001e-05,0.332358070782,0.011484279868,0.017790784136,0.039681044607,0.34721642732600005,1.029855481216
301,2,1600,300,0.011000000000000001,0.001,0.001,85,20,20,1,sigmoid,sigmoid,0.29741799999999996,0.317847,0.31597800000000004,0.869142,0.851309,0.820058,0.93335,0.9236030000000001,0.9110290000000001,45.930012,0.415208986827,-4.4386659e-05,0.000169112628,0.107816083209,1.890358686447,-4.0776626e-05,-4.2815116e-05,2.0815721e-05,0.00012526177400000002,-0.00010755998900000001,0.005461806287999999,8.9528546e-05,0.000145289869,0.00021984808400000002,-6.0801262e-05,0.000163904111,0.000249387191,0.00015271323000000002,7.068477200000001e-05,0.103641788868,-2.032537e-06,7.871233100000001e-05,0.00013638766600000002,0.00010646173,0.309241744598,-7.0985894e-05,-1.3434331999999999e-05,-4.6656828999999996e-05,-0.000136039601,2.8357502e-05,0.000332898407,-0.00031443173900000003,9.3933853e-05,-0.000299069387,6.223053299999999e-05,7.2408705e-05,-0.00010905451000000001,7.601237e-06,0.06329208901000001,1.071586915425,0.161053231784,0.049770233941000004,0.0001211873,0.22897476170699999,1.209844052792,6.735502400000001e-05,-8.3427634e-05,-0.00014141530699999998,-0.0001589016,0.998373729842,0.004113366609,3.640805e-05,0.015994557656,-6.3737040000000014e-06,0.143589911219,0.06594827465200001,-5.8746326e-05,0.004413447438,0.010992821646,0.5493590789180001,0.00555789827,-0.000250261282,0.016345631248000002,0.047527820458000004,0.832502595016,-0.0053126628139999995,0.000313588487,0.000101782281,4.3666628e-05,0.964665251119,0.000222086388,-0.004457098247,6.1289407e-05,0.012080886075,0.191080648984,1.470056e-05,-9.049197899999999e-05,0.0026603116560000003,0.013294475835,0.09126746214800001,-0.000111926566,0.000123988529,0.14749068141,0.522285806281,0.433720998329
302,3,1600,300,0.011,0.001,0.001,85,20,20,1,sigmoid,sigmoid,0.296937,0.317483,0.31566700000000003,0.869568,0.851677,0.8203219999999999,0.933973,0.924128,0.911044,45.257708,0.356145262718,-7.7872398e-05,0.00375654947,0.079998005917,1.725377644811,0.002177064349,9.8592018e-05,0.000154783842,4.3456492e-05,0.006939412,0.0026846768800000004,0.000115981785,-0.000102421245,1.0047797e-05,-4.5667896e-05,0.000108225113,-2.5169047e-05,0.000214615036,6.471387e-05,0.083663057057,2.3850458e-05,-1.5356499e-05,0.000148119505,-0.000234728074,0.3907675375020001,3.6490721e-05,-0.000225158179,-2.9681469e-05,0.000211684739,0.000119030054,7.0071504e-05,3.2609066e-05,-0.000159834182,9.1018174e-05,-0.000187470885,5.4408166e-05,0.000117233786,7.719608900000001e-05,0.080448899418,1.160790835108,0.113386016871,0.078862860672,0.000165417902,0.280809161919,1.014795584338,0.007951263375,-0.000138237758,-8.1935632e-05,0.004344256847,1.022373335702,0.0026941642699999995,-0.000115826037,0.013031450144,0.000136633432,0.35702397137900005,0.070640110827,0.000203180171,0.066005764902,-6.137405e-06,0.520363058363,0.002836218373,0.000300319362,0.007879260943999999,0.100932696036,0.867266403777,8.8154026e-05,-1.0404694999999997e-05,0.00011366786,-5.6612208e-05,0.451812242291,9.3025124e-05,-6.883361e-05,0.00016818307700000002,2.6016228e-05,0.199242486485,4.446858100000001e-05,-0.012885956496,0.00012727374,0.005548219839999999,0.822436064482,0.000184239026,0.00141230231,0.099223840073,0.434034347534,0.46015727082
303,4,1600,300,0.011000000000000001,0.001,0.001,85,20,20,1,sigmoid,sigmoid,0.29575100000000004,0.315756,0.31561999999999996,0.870603,0.8532370000000001,0.820277,0.9345680000000001,0.924976,0.911156,45.551001,0.358716607094,0.000121370967,0.007553329077,0.11902550162900001,1.652156863894,0.000101420409,2.4486332e-05,5.836875e-06,8.522998600000001e-05,0.006181941605999999,0.001589679366,2.417061000000001e-05,0.000161683615,7.1451374e-05,-0.00020817912499999998,2.2978870000000002e-05,8.384724200000001e-05,-0.000152704614,4.7667881e-05,0.083063493569,-3.2927973e-05,4.7252899e-05,-0.000172283377,-1.1670468e-05,0.444579773289,-4.2791862e-05,-0.000263684396,4.4865178e-05,2.7690849e-05,-8.5234663e-05,0.00028369661,-0.000375516896,0.000105411423,9.0543164e-05,-0.00020505609499999998,-9.7426387e-05,-6.1630978e-05,-3.853163e-05,0.09994510428200001,1.1264148354530001,0.101415832128,0.073623850602,-3.4036998e-05,0.260031127504,0.8873172615260001,0.043959528274,0.000171842018,8.077636499999999e-05,-0.000314375184,1.058620444366,0.002991159853,-0.00019403839,0.017074564527,9.475690000000001e-05,0.551321403861,0.087242034364,-0.000100289812,0.074508650715,0.0050170928,0.519062012434,0.00518448667,4.2573283e-05,0.012462224996,0.065105667249,0.832208446094,-0.000135044892,9.8979772e-05,-0.000257009776,-0.00025807175,0.583250406262,-0.005425543393,0.000129169069,-0.0002157863,0.00015301614,0.180017765986,0.006353053358,0.008597943801,0.000324242836,0.006469572125999999,0.4840886497070001,-0.000186178123,0.004439842549,0.09940019089400001,0.5253703636779999,0.650068982701
311,2,1600,300,0.02,0.001,0.001,85,20,20,1,sigmoid,sigmoid,0.298155,0.318018,0.316529,0.8685219999999999,0.85114,0.8192649999999999,0.933515,0.923664,0.910227,45.072831,0.448536374739,-0.00017561645799999998,-0.000417930274,0.131768486487,1.921382290976,-0.000165117178,-0.00020612693,0.000225508716,-0.000181922833,0.004620539573,0.006334828670000001,0.000558568061,-0.0007548653690000001,7.243150300000001e-05,8.0700611e-05,-0.000222915838,0.000180326393,3.321253e-05,0.000181758662,0.045041697682,-0.000128695418,-0.000400205862,0.007002446181,8.6699598e-05,0.266579711685,-0.000470136511,5.8878348e-05,3.5901634e-05,7.295348799999999e-05,-0.000491434857,0.000239070357,5.399786e-05,0.000101062337,0.0006431956259999999,-0.000149091188,-0.000428148101,0.000126991352,4.1767e-05,0.000208911939,1.191580780915,0.059951410122,0.094162902179,4.382876e-05,0.116982927014,0.649098867817,0.009330690028,0.00034429497600000004,-0.000141073744,0.000242501901,1.178785834994,0.004103800556,7.6436466e-05,-0.000109923883,0.021338138517,0.8584400628290001,0.077715635422,0.000430177124,0.025957004184,0.033426195061,0.509750500321,2.986211e-05,0.000122828646,0.012670955981999998,0.030216525875,0.8174645858149999,0.000298610335,0.004068240257,0.000442370088,-0.000108499003,0.194678706031,-3.2456436e-05,-0.002852697904,0.008789032869,0.007205851048,0.198633058263,-0.00017625160800000005,0.005904647505,0.000281220496,0.000435263599,0.19201581203,0.000197782468,0.003787927674,0.100040492261,0.6559009552,0.975387954286
312,3,1600,300,0.02,0.001,0.001,85,20,20,1,sigmoid,sigmoid,0.297709,0.317812,0.315775,0.8688790000000001,0.851342,0.8203959999999999,0.933786,0.9239229999999999,0.9113610000000001,45.467698,0.424796968699,-0.000175528099,-0.000312010828,0.050548503446,1.8458806276320001,0.00039349080000000003,0.000415181991,0.000106648678,6.420775899999999e-05,-0.00012116618700000001,0.0028937662439999998,7.0179975e-05,4.8154997e-05,-5.179528e-05,-0.00035271795100000005,-0.00021326832699999999,-0.00021329869500000002,-6.056449e-06,-3.3638481e-05,0.067247737598,0.00020998351000000006,-0.000120537938,-0.00019355878400000002,-6.0840214999999995e-05,0.371246607681,0.000150573139,-0.000188208471,0.00022997397000000002,0.000229193578,0.000128296768,2.9213897e-05,-0.007787864466,0.000225579169,-0.000385575997,-0.000323356063,0.000258215344,2.0588203e-05,0.000317528118,0.07044875595200001,1.170913219452,0.08110691926300001,0.054390380957,-7.489307799999999e-05,0.254529629435,1.071122297219,0.022480244964,-0.00010919007799999999,-0.0005858702519999999,-2.2639958999999998e-05,0.9247064505299999,0.002444758636,0.0030222482919999996,0.015706777924,9.069124e-06,0.363211305754,0.07872185995400001,-0.000324975829,0.006467900792000001,-0.001499533395,0.47643491200000004,0.005009943710000001,0.00040522664700000003,0.002697004604,0.074293592862,0.8822336963240001,-0.003347170918,0.003699306911,-0.000284303601,-0.008373639798,1.01714180197,0.0032846395380000002,0.003767688439,-0.006382303892,7.0308847e-05,0.162090471796,-0.0026501213410000004,0.003964615986,-0.00020504969700000001,3.2923407e-05,0.24594092475499998,-0.000261424405,0.009333245943,0.123574843896,0.545707104462,0.282173873067
313,4,1600,300,0.02,0.001,0.001,85,20,20,1,sigmoid,sigmoid,0.297196,0.31802800000000003,0.315182,0.869309,0.8511479999999999,0.820934,0.933955,0.923514,0.911201,45.716193,0.431497867618,9.79541e-07,6.3853122e-05,0.041499365635,1.836709226881,-3.3075171e-05,-0.000225756234,6.250946999999999e-05,3.42493e-05,3.175638e-05,0.000590389848,-0.000410068277,0.000185424659,0.000465358037,-9.572326e-06,0.000335371913,-2.6239292e-05,-0.000151220339,0.000808055885,0.072073983989,-0.00016062061600000002,-6.942745e-06,-0.000382145332,-0.00017844910199999998,0.367730124644,-0.000441090544,-1.2540059000000005e-05,-0.000624655228,3.6484131e-05,-0.000548814232,0.000221809954,-0.020183965666,0.000178847834,0.000634463647,0.000244854667,-0.000184298584,0.00041993342000000016,-0.0005150445210000001,0.065837349743,1.14251262801,0.087502170886,0.063292288467,8.9962009e-05,0.259737936514,1.065220019647,0.015608711922,0.000357344066,-0.000540353285,0.000157208958,0.995004628386,-0.002448145843,0.008680671042,0.011494385447,0.000263040935,0.339854028666,0.067962028169,-0.000199062504,-0.007757908338,0.006684276546,0.497581494706,0.004170866165,0.000199899258,0.01227489967,0.089596536056,0.912604127611,-5.5889434e-05,-0.00274703974,-0.000313863776,-0.008074314744,0.842207648924,-0.000802283644,-0.003232381156,0.003988799897,0.000247575482,0.201793465477,-0.002597769558,0.00326937721,-0.000201316579,0.000485842116,0.3757704815690001,0.000127953346,0.008890700276999999,0.114640726184,0.515668996743,0.312810368214
314,5,1600,300,0.02,0.001,0.001,85,20,20,1,sigmoid,sigmoid,0.297001,0.31652800000000003,0.31621,0.86949,0.8525219999999999,0.8197690000000001,0.9341440000000001,0.924327,0.911018,45.483174,0.41286690746,-0.000284753479,-0.000443606181,0.048710299122,1.7717703240259999,-0.000220956119,-6.4523485e-05,-7.8396614e-05,-8.5302621e-05,-0.000148164376,-2.8262817e-05,1.3104043e-05,4.6288701e-05,-0.000301850478,0.000422479839,-0.00010880214900000001,-0.00043521285300000004,-0.000219012823,-0.000154371731,0.026929590218000003,0.000175687149,0.001410107935,0.00028048297,-0.00033524822899999997,0.394505768446,2.8705777e-05,1.453691e-05,0.000176978638,-0.000269792141,-0.000101948001,0.000540965216,-0.00025970109899999997,-0.00017250955200000001,-0.00042652794699999996,-0.000150464319,-5.7075384e-05,5.2150517e-05,6.0650046e-05,0.064696177308,1.152572282723,0.06734248912600001,0.044022133449,-0.000236838744,0.25630979452799996,0.904888936452,0.029882952964,-0.000935366801,-0.00012125104,-0.000178452795,1.0012669137549999,0.000756298211,0.01699328092,0.023511035839,0.000286356433,0.5466934643670001,0.091024550077,-6.8579911e-05,0.032437175547,0.003391146213,0.5232382629600001,0.008655817397,-0.00025296942,-7.646289700000001e-05,0.07780909646800001,0.887750774622,-0.00037301309500000016,-0.0027313344800000004,-0.00018343342899999998,0.000109685379,0.7466218726980001,0.00013769143999999998,0.003745448986,0.00016680221399999998,-1.0464571e-05,0.18787208533799998,-0.002214120872,-0.008367642767,-6.8955357e-05,-9.424002200000001e-05,0.34132252559799997,0.000957839291,0.004349220181,0.12980427573,0.534607902169,0.40013628283
315,6,1600,300,0.02,0.001,0.001,85,20,20,1,sigmoid,sigmoid,0.298344,0.31685,0.315498,0.868325,0.8522879999999999,0.8207559999999999,0.933343,0.924245,0.910947,45.044219,0.438459532601,-0.000103336185,0.000256271587,0.027268688158,1.872317450387,-0.000224250888,0.000108271082,0.000140726204,-0.000124524996,6.9325615e-05,0.010358066419,3.5674391e-05,-0.000519454686,-0.000358342821,-0.000318566982,0.00023996914,-0.000155951077,-0.0006608917530000001,0.000292363181,0.15205591357599998,-0.000153441974,-0.000172264837,-0.00051254084,-0.000241521321,0.213846327779,0.000118744273,0.000580539507,0.00038844538,-1.836824e-05,2.310365e-05,-0.000243720293,-0.000102517983,-0.000446065075,-5.529395e-06,0.000212512979,0.000203733707,-2.7487295e-05,5.499208e-06,0.042502494163,1.120675998075,0.094888536792,0.062856767809,8.146195e-06,0.242895909718,1.30729329586,0.013772079419999998,3.5843992e-05,-0.00016656215400000002,5.3706616e-05,0.973993918725,0.001634254335,-6.2183146e-05,0.006538819579,-3.5607316e-05,0.054884684938,0.068021507274,0.000228666183,0.014010740781,0.004917410274,0.496846682259,0.006609601030999999,0.003391365918,0.015043232212,0.066589217024,0.901817032269,3.7651121e-05,-0.007373627794,0.003021891179,1.7335130999999998e-05,0.812018758484,0.002856058782,0.000289409271,0.000620121109,0.000427299844,0.190501243408,6.6032861e-05,-0.000542833155,0.000102158214,-0.00024471955000000004,0.61524447373,-0.003166469907,0.01202750166,0.112378170527,0.520081854292,0.094188145896
321,2,1600,300,0.1,0.001,0.001,85,20,20,1,sigmoid,sigmoid,0.295692,0.319328,0.311161,0.8705309999999999,0.8496610000000001,0.824428,0.9345030000000001,0.921953,0.911632,45.152869,0.394395870822,-0.007202284982,0.002206863054,0.039284005944,2.04814015116,-0.000713752483,0.002352196088,0.001359839999,0.001770474249,-4.3681979e-05,-0.000586493539,-0.000931139857,-0.003156080659,-0.0019372730369999998,-0.001869056274,0.000907325926,-0.002149558925,0.00038943983999999995,-8.183406699999999e-05,0.002025448767,-0.001562305726,0.00205209028,0.002602089978,-0.00051052258,0.826213308743,0.001127707689,0.000125583511,0.005793479471,0.003189257253,-0.0010162599709999998,-0.000435531913,0.0008114514470000001,0.002521153897,0.0011291701149999998,0.007341214955,-0.000961912289,-0.002622640675,0.00023923973999999997,-0.0056404925,1.154597137656,0.008253487093,0.013946836305,-0.003602303610000001,-0.031424530383,1.1239712578910002,-0.00036057187899999997,0.001508067192,0.002524895238,-0.003519286585,0.8391619665279999,0.019797964953,-0.001597710226,-6.3739380000000016e-06,0.013902546771,0.09334812855499999,-0.0034166128730000003,-0.00257647315,-0.003553485747,0.00640948323,0.257843313473,0.001955407738,0.0032375173930000003,0.013832598243,0.013646006418000001,0.506438212735,0.000120303011,0.011219921688000001,2.5694585000000002e-05,0.063474144737,-0.008989358969000001,0.0019224842879999998,-0.0005929621820000001,-0.00038505531799999995,0.016327898559,0.083408421903,0.002164076746,0.007337616707,-0.000657099166,0.018311890948000002,0.149317493596,0.000186006079,0.002194377195,0.006860179759999999,0.278665699264,1.247966017042
322,3,1600,300,0.1,0.001,0.001,85,20,20,1,sigmoid,sigmoid,0.296233,0.320112,0.309638,0.8700319999999999,0.8489700000000001,0.826334,0.933876,0.921608,0.912427,45.190591,-0.026092057748,0.007565602602,0.000271812248,-0.000813350077,1.7850068466999998,0.000493687744,0.000778217126,-0.000378261553,0.0008676573119999999,0.07543885043200001,0.0015209855110000002,0.001551102622,-0.000491725755,-0.002307217535,0.000750758897,0.000472142918,5.4625911e-05,0.0007816591700000001,-0.000174008472,0.159297877856,-0.000494712797,0.000385513939,0.0009538942,0.000498689398,-0.055653335793,-0.000656242927,-0.000392165363,0.003821104482,0.002208454692,0.004540261397,-0.002483348418,-0.000550797375,-0.002850212057,0.0020810168520000003,0.003548847084,-0.001636692755,-0.001837974622,0.002476828933,-0.002589793884,0.6013954739490001,0.001915272458,0.006720550425,0.000225987843,0.01216280625,0.28203835977,0.002889030527,-0.004253385572,-0.000977854766,-0.000120915339,0.672376726355,-0.002404717525,0.021923974472,0.006667071703999999,0.00909979239,-0.102434539369,0.005720142847,-0.005394691676000001,0.004700706374,0.025230915352,0.035423796092,-0.000359602148,-0.008043930171,0.000311549853,0.002052948511,0.19839862468,-0.0014769124059999998,-0.007018189212,0.00425746558,0.022580049832,-0.012660609758,0.0007223290820000001,0.0048434620260000005,-0.0096439697,-0.012000196081,0.045438423287000006,0.003321389443,-0.012135672250000002,0.007969951955999999,-0.00204937106,0.153536268643,-0.000749849764,-0.003382893346,-0.009808322182,0.040393479701,0.10386573204
323,4,1600,300,0.1,0.001,0.001,85,20,20,1,sigmoid,sigmoid,0.30435300000000004,0.330295,0.312992,0.8572360000000001,0.838649,0.822874,0.9335030000000001,0.9161450000000001,0.9118719999999999,45.396511,0.156688467367,0.005662592526999999,0.0025565439679999997,-0.002881555036,1.90133527347,0.0013225374900000001,0.00035275364,0.001298804821,0.002579452503,0.023885214186,-0.000282943906,0.001153641189,-0.000274758478,0.0009692424709999999,0.015193758524,0.000436234654,0.001000711385,0.002464177985,-0.002351681452,0.11771714747199999,-0.002228399689,-0.0005714997320000001,-0.001251809366,0.000829928109,0.0014165821489999998,-0.000393058128,0.00135567517,-0.000844608369,0.0035361841519999998,0.012064314397,-0.000443263931,-0.000501876531,0.0008612676089999999,0.002018614672,0.021832248462,-0.001846211846,0.0006831310120000001,0.002365837244,-0.0062436829989999994,0.4183209134000001,0.031508627215,-0.016406821312,0.001589038272,0.045284010470000004,0.62383588297,-0.000696312067,-0.0017479443549999999,-0.000470385737,-0.011344118443,0.717676120145,0.010084973282,0.018135942652,0.002503834349,0.0015067230979999998,0.024518822319999998,0.016421184975,0.001424532899,-0.0029370270789999997,-0.016506848333,0.284648526992,0.001046785802,-0.002084781349,-0.001349767404,-0.0008361785769999999,-0.201884992421,0.000546339982,-0.0031353483380000004,0.002951527206,-0.022768631671000003,-0.031419475846,-0.007194968190000001,0.003656268739,0.010943606163,0.022514108735000003,0.07499674450299999,-0.0036112012079999997,0.010658116479,-0.006222465890000001,-0.029073196782999997,-0.316791783486,-0.000360640631,0.015616661305,-0.000448750648,0.351238005928,0.260137692027
324,5,1600,300,0.1,0.001,0.001,85,20,20,1,sigmoid,sigmoid,0.296498,0.318225,0.31147800000000003,0.869864,0.850856,0.8243809999999999,0.933972,0.922713,0.911957,45.207632,0.14876073252900002,-0.002740822134,-0.002467526938,0.003861788078,1.969989176307,-0.002416394293,-0.001287356987,-0.001846252492,0.0005646714499999999,0.05886523681,-0.004435303334,0.0008961594650000002,-0.00090435756,-0.000913099868,-0.000493916999,0.001704731398,-0.004485873399,-0.0006757130610000001,-6.4852132e-05,0.204187571071,-0.00123317874,-0.000587164308,-0.003984506408,-0.001610148781,0.054675429378,0.001922908256,0.002824151281,-0.000199717985,0.000461631455,-0.014193028952,0.003010311763,-0.000965257732,0.000226058191,0.000723225512,-0.008902197687000001,0.003736634373,-0.000733334152,0.001626882717,-0.000495258952,0.55406361978,0.0474946129,0.021817161955,0.002240503766,-0.037925137207,0.864265731403,-0.001208772737,0.008331828046,-0.002563016939,-0.007751468636,0.642267142023,-0.013646507834999998,0.004525541586,0.0060310363100000005,0.021067883204,-0.06273077526000001,0.008260927296,-0.001913253318,0.003612500017,0.001803552599,0.092625506222,-0.0004952445090000001,-0.000457462572,-0.002605596524,0.012786781149,-0.332216684707,-0.001661305449,0.01127257717,0.000989397198,0.024384633397,-0.279155944075,0.004555756426,-0.004721725027,0.004043204577000001,0.007246828837999999,0.037338035522,-0.004544733957,-0.043347280339,-0.000812067532,0.002994500234,-0.4441043189060001,-0.001994764432,0.005569626976,0.006219065249,0.200452372432,0.15853821174799998
325,6,1600,300,0.1,0.001,0.001,85,20,20,1,sigmoid,sigmoid,0.296714,0.31932699999999997,0.311864,0.8695879999999999,0.8496610000000001,0.824141,0.933782,0.9219139999999999,0.911877,45.208593,0.310203403234,-0.010621560811999999,0.000525686509,0.008181921731,2.030869245529,0.0005599315709999999,0.000870670084,-0.001954650666,0.000732529574,0.016871642686999998,0.00116792431,0.0029335082069999996,0.002773137123,-0.002082989651,-0.016048883819,-0.000255121833,-6.3413929e-05,-0.003875673233,0.000383461867,0.041553586915,-0.0014345525169999998,-8.0789506e-05,0.0021093733629999997,-0.002090180326,0.25376993085099997,0.003406155884,-0.001358361582,0.0067488579079999994,-0.000160036509,0.014751089719999999,-0.002613547092,-0.000715157942,0.002258411168,0.0025906740189999998,0.044165428894,-0.005045876256,-0.000876538356,8.8734353e-05,-0.009659979268,0.958616844245,-0.013582881906,-0.009067378838,0.0014176718960000002,0.03351083817,0.914821784411,0.000316308379,0.00021847377700000002,-0.000413093117,-0.0027306063630000003,0.9838253515109999,0.005325053486,-0.002772213026,0.0009423669960000001,-0.000311705962,-0.199743198231,0.001191583595,-5.7005861e-05,0.008045233412,-0.016017316541,0.121620643019,0.00048036712899999996,-0.006153136542,-0.012107762741,-0.034556083514000004,0.45534541351499996,-0.000195793375,0.002970459306,0.000629860313,-0.027080745210000003,-0.057832981393,-0.0014265888690000001,-0.0017464308170000002,0.00082467084,-0.035465180832,0.13664008982999998,-0.000617160063,0.004428621009,0.004053554498,-0.002080587674,-0.004664352929,-0.003608358342,-0.0035987179729999996,0.010956821331,0.286722998933,1.186138851302
331,2,1600,300,0.5,0.001,0.001,85,25,25,1,sigmoid,sigmoid,0.541387,0.590498,0.488369,0.486986,0.481826,0.551902,,0.691268,0.901375,47.769586,0.016248699012,0.006611971185,-0.005483409789,-0.06280494058899999,-1.280564248562,-0.00432107092,-0.002586034767,0.004070856875,-0.085081590306,-0.083911381662,-0.000370892563,-0.008630434118,0.001821161955,0.00183749159,-0.057533956964,0.001684595332,0.006809116632,0.00030948556,0.004506322189,-0.135226557231,0.001640849847,0.0058242513,-0.005156660405,0.001884521917,0.028130129645,-0.003749484612,-0.002465188437,-0.000430934081,-0.019389230492,-0.015863713143,0.0008553129489999999,0.006419600254000001,-0.0072573123200000015,-0.010302019871,0.004763793782,-0.007499022143,-0.00565783114,0.0006784370970000001,-0.035494808108,-0.128431781029,0.004685683276,0.011529247143000002,-0.001975129891,-0.041491541878,0.233187687716,0.014531706703,0.005761031727,-0.138426259825,0.006662112993,-0.40130570318,-0.001736703745,0.00369914069,0.002970964249,-0.020162652912,0.33870995683300004,-0.003259480316,0.006215421973999999,0.01858271246,0.0065434928980000005,-0.097652100958,0.001045742638,-0.003880441189,-0.008563870365,0.002947593507,0.015606530011,-0.000370923297,-0.006008463995,0.001267356998,-0.172957683115,0.017442278198,-0.007337221942,0.007711073915999999,-0.013258546034,-0.004752928204,-0.11136124303,-0.004420647348,-0.016384621749,0.0013732195699999998,0.002541840875,0.068919866213,0.001189778991,-0.002852564644,0.0061059192020000005,-0.025093098238,0.101777388315
332,3,1600,300,0.5,0.001,0.001,85,25,25,1,sigmoid,sigmoid,0.665033,0.732525,0.65428,0.264915,0.204731,0.17011400000000002,,0.357096,0.808716,48.044525,-0.002560300553,0.004394725591,0.002603845047,-0.003329972737,-0.44908476434600003,0.006370530429999999,-0.0031541787150000003,0.004885403074,-0.007588312099999999,-0.006459317352999999,0.007552919976,0.00093988661,-0.003340740422,-0.004247657423,-0.0024566766269999997,-0.001730046169,0.000193296632,-0.002407604404,0.006116394918,0.004767526939,-0.001982595339,0.007459083837999998,0.000833631826,0.00655800796,0.027410987964,-0.004581265734,0.009069325635,0.013025844602999999,-0.00316715255,0.003283997865,0.000163247277,0.002371924031,-0.003520915351,0.0020915118049999997,0.039592968766,0.0006924655749999999,-0.004424211789,-0.0015355358230000002,-0.006100263929,0.044435689492,-0.001211676614,-0.006391727365999999,-0.011492315148,-0.029514340152,0.072639871389,-0.00035072144699999997,0.009679818725,0.005803448772,0.007581428558,0.204351879656,0.000669501339,-0.012892773292,-0.017203176527,-0.003457462968,-0.029266734341,0.009380141074,-0.018764279808,-0.011835273039,0.0028608824859999997,-0.001961757263,0.011382757287,0.003168019233,0.0032031091560000002,-0.024340160224000002,0.039002702122,0.003299477743,0.002066301448,-0.012957584778,0.000519614642,0.025156944857,-0.001424222361,0.011106513041,-0.016571306125,0.012046851139,0.086355122272,0.008971414229,0.003317228518,0.0055774977000000005,0.031624049015,-0.029151454102,0.007536161163,0.007652386191,0.009156328693,0.032995166257000004,-0.047555230292
341,2,1600,300,0.2,0.001,0.001,85,25,25,1,sigmoid,sigmoid,0.312226,0.339432,0.320935,0.8498450000000001,0.82876,0.813423,0.931565,0.910791,0.910302,47.608526,0.062268204987,0.011197381453,-0.008423361977,0.000506960072,2.165335501943,-0.007311619052999999,0.001085597111,-0.004116144642,-0.00290301803,0.000770754879,-0.000357302983,0.007497922118,-0.001791133836,0.007341337277,-0.017904272935,0.008203475578,-0.000972682735,0.003439367815,-0.003565401654,0.129023227575,0.000481501588,0.0020034091010000003,-0.000989317029,-0.003449070307,0.213447834282,-0.007715183044,-0.000648140375,0.003986366526,0.000983229978,0.007187109573999998,-0.001263335896,0.002034309719,-0.004196888834,0.006696912193999999,-0.009487406933,0.001640336688,0.002140649046,0.000592433947,-0.000281521868,0.404052859172,0.015550390418,0.006780939276,-0.000257303057,-0.016774451093999998,-0.752803176641,-0.002001112593,0.004812768893,0.003786843563,-0.000242823402,0.581521753754,0.010861002499,0.001849313666,0.001780570718,0.000893617182,-0.029515823948,-0.004628073518,0.003406080218,-0.008580609358,-0.005659004873,0.014339980985,0.002973995564,-0.002204124829,-0.0070420982909999985,-0.019597245646,0.142867635802,0.00010793543,0.005395712622,-0.006166375575,-0.17100082191500002,0.189638143638,0.005109439637,0.00152258366,-0.011847659505,-0.009482108971,0.012204236451,0.009053354251,-0.006983150943999999,-0.001800205326,-0.025690863341,-0.024038067753,-0.004012345137,-0.005060998723,-0.002438847242,0.146713389616,0.840292856097
342,3,1600,300,0.2,0.001,0.001,85,25,25,1,sigmoid,sigmoid,0.324929,0.35286999999999996,0.32274200000000003,0.827536,0.813158,0.809779,0.9293799999999999,0.902266,0.911495,47.70942700000001,0.026108795510999996,-4.9352779e-05,-0.00039613121899999997,-0.000396558017,0.941203023706,0.0007852760940000001,0.000722269029,-0.001391178163,0.002280442402,0.0034390848550000003,-0.003307908983,-0.0012733488610000001,-0.001325747938,0.000272186893,0.005280357287,0.0004912887400000001,-0.001829188284,0.000105144098,0.008573022205000001,-0.073487031872,-0.0028840979960000003,-0.001792027449,0.001326059291,0.001507107651,0.117150414552,0.004909182487,-0.0009700279420000001,0.004750768421,0.002383533982,0.021599835716,0.0031974704009999997,0.003600269949,0.006251622391,0.004324692534,0.009963762547,-0.005088147849,-0.0091776341,-0.0064936976580000005,-0.001726858917,-0.119189937998,0.001113123626,-0.010339375452000001,0.0007689613069999999,-0.024660052466,0.28058401441999997,-0.0014123574059999998,-0.007409949205,-0.000280612647,0.003465383322,0.818972228893,-0.008338924115,0.0021951715960000003,0.008135000485,-0.005608875829999999,-0.526792638004,-0.018108050289,-0.0038283882399999998,-0.015767564082,-0.010011311075000001,-0.024232360988,0.000554725328,0.002070023412,0.005104636757,0.016823207377,0.271187291614,0.0059536836679999995,0.019406890929,0.0073220253520000006,-0.056992354187,-0.05782437943199999,-0.000175144623,-0.002339980512,-0.019133783943,0.003482058378,0.00313616105,-0.003855413957,-0.019060219505,-0.006951209956,-0.012689551605,-0.293931496995,-7.4387245e-05,-0.0101754067,-0.001908162077,0.19410259383099998,-0.46052855679
343,4,1600,300,0.2,0.001,0.001,85,25,25,1,sigmoid,sigmoid,0.302272,0.328338,0.314979,0.8647100000000001,0.841303,0.8201940000000001,0.931807,0.917564,0.910911,47.768584,-0.03492926886,-0.000455961031,-0.003876788026,-0.009833935997,0.456997482904,0.004862948121,-0.001911963852,-0.000634459646,-0.004278386644,-0.012289975554,-0.008315352923,0.002472296474,-0.001176022426,-0.001586481363,0.001801182183,-0.0073244149099999985,0.001298685492,0.006366303058,-0.0007382061860000001,0.028407449668,0.003934076189,-0.004826755171,0.002444024763,-0.0017890718969999996,-0.009472177697,0.003531761301,0.008299572576,-0.000907146705,0.004844361143,-0.00188497562,-0.006747916973,-0.002555036013,-0.001759998201,-0.01686843458,-0.026773815958,-0.001762717696,-0.003913192062,0.003252268004,-0.003151403491,-0.297953458769,0.013310040235,-0.010198585639,-0.001708770404,0.010319601977,0.6982606862270001,-0.007151766639000002,-0.005845779819,-0.000316577199,0.001340818109,0.107658394745,0.0017144224669999998,-0.006487973974,-9.228796e-05,0.001513243516,0.066659609621,-0.010324014617,-0.000121859917,4.6143009e-05,0.012773132283999998,-0.00220227602,0.000985090321,-0.00464507851,-0.005446205049,0.008670247892,0.09969661917,-0.004362138288,-0.014671949835999997,0.003701681803,0.041009880336,-0.006510319454,-0.004385075665,-0.006232523958000001,-0.007881672575,-0.002233153342,-0.043361467708,-0.001923736557,-0.001178958353,0.007869588411,-0.024959176413,-0.367367262287,-0.003246040649,-0.007858910398,0.00077696424,-0.233242555388,-0.288422294493
344,5,1600,300,0.2,0.001,0.001,85,25,25,1,sigmoid,sigmoid,0.31608800000000004,0.353705,0.31898200000000004,0.8408,0.81391,0.816209,0.932272,0.902856,0.9108200000000001,48.659008,0.031712413232999996,-0.000499006777,-0.00192862952,0.013281922738000001,0.780452231744,-0.004688686508,-0.007934187738,0.000296543344,0.000109017319,-0.063697453189,-0.002524680649,-0.003844453845,-0.002437957242,-0.001427912253,0.014122204846999999,-0.0048645281770000005,0.001297110145,-0.004556397799,0.0019594958119999997,-0.018689521189,0.001704102116,0.005751116733000001,-0.003850632181,0.005060514759,-0.063642957713,-0.002429488789,0.007564910603999999,0.005146249461,0.003983427671,0.011959183383,0.004311086576999999,-0.010197888827,0.000703364877,-0.00950671369,-0.008758037584000001,-0.000471757646,0.0069601487069999995,-0.0038216239270000003,0.000781537915,-0.045989274446,0.009043648506,0.009413987199000001,0.001421913679,-0.02773331272,-0.064478282418,0.00260428005,0.0016504104380000001,0.000130074947,0.004147777276,-0.449130652206,0.004079749342,-0.0066919248950000005,-1.2791133e-05,0.013675674098000001,0.005516270841,0.009436224852999999,-0.006512930085,0.00031231244,-0.0017487114689999999,-0.066032629194,0.001098113467,0.000340455835,0.002612742396,-0.004492441126,-0.219367461545,0.0021630019760000003,-0.009322652207,0.007185142354,-0.043121276847,-0.110152497247,0.002107220236,0.00604816586,0.019080148826999998,0.023119633934,-0.022722147006,0.0019075460730000001,-0.00263485685,-0.001027125279,-0.035751284366,-0.255101912788,-0.0009340880699999998,-0.018245518407000002,0.013216066307,-0.068321706993,-0.146564432553
351,2,1600,300,0.05,0.001,0.001,85,25,25,1,sigmoid,sigmoid,0.290989,0.315738,0.312838,0.8746780000000001,0.853167,0.8221069999999999,0.936215,0.923786,0.911908,47.776837,0.510220531906,-0.0008685275099999999,-0.000222124637,0.102166259678,1.944935866765,0.000574360778,-0.00172147978,-0.001039832265,0.0006301439379999999,0.068295077365,-6.4362037e-05,0.0006866214350000001,0.000213171181,0.0005222626660000001,0.000326405994,0.0008404595720000001,-0.000203176668,0.0013313291690000002,-0.000150728184,0.015675987786,-0.000462414474,-0.000316614235,-0.005465906687000001,0.001064285707,0.528556402972,-0.000638944396,0.00014171852,0.007011694064,-0.001158520606,-0.042082419488,0.000986267738,0.0006050878959999999,-0.000425888866,-0.000709687925,0.000446835084,-2.2844838e-05,-0.000452018264,-0.000339110332,0.008044149136,1.277650313718,0.040373510016,0.025044957681,-0.004827311545,-0.235527827271,0.914753303996,0.000608566156,0.000750416173,0.000410527452,0.000408477998,0.969578129905,0.003050512593,0.030276608803,0.00099681167,-0.000216120812,0.4596688417450001,0.041998899808,0.0064705481050000005,0.023458058054,-0.028722559218,0.484180889492,0.000278105053,-0.003248169257,0.003871872156,0.038257200421,0.636155440871,4.8754749e-05,-0.015445636276,0.00030080254,0.000603552534,-0.001184977404,0.003661901017,0.002056597151,-0.020286063119,0.008019880067000001,0.164599626292,0.007621218716,0.022730718666,-0.0004304004,0.007197881544,0.335170638149,0.001098833261,0.003745928174,0.040608160065,0.578655907086,1.22198422466
352,3,1600,300,0.05,0.001,0.001,85,25,25,1,sigmoid,sigmoid,0.293908,0.318314,0.31306300000000004,0.872115,0.8507540000000001,0.8223659999999999,0.9350700000000001,0.922531,0.911696,47.769601,0.45344936421899995,-0.000806677571,0.000337420366,0.027142986433,2.206221955163,0.000444193117,-0.0007720894349999999,-0.000288925554,0.000597361617,0.022287854513,0.00169366272,-0.0006713731479999999,0.009719896297,0.000317951282,0.004332022783,-0.000869224114,0.00040645786,0.000673125465,-0.00071495311,0.237178513406,0.000266680912,0.0010042560379999999,-0.013790212123,0.001403965875,0.032230820207,-0.000169111374,-0.000317600963,0.015328441838,0.001004568168,-0.017962302052,-1.8197914e-05,-0.0006336009870000001,-0.007168648823,-0.005562569584,-0.024677756342000003,-0.001649968797,0.000483455831,0.0010257704309999999,0.007587278553,1.1848307166779999,-0.023781063566999997,0.000188625717,-0.00029690193599999997,0.112773181338,1.276150643826,0.000509337081,-0.008913602228,-0.0013098094409999999,-0.000123010533,1.048025412219,-0.018779539802999998,-0.014603068004,0.000567425188,-0.034398008304,-0.10906210702,-0.023920674243,-0.003861976239,-0.00016130992,-0.013984241673000001,0.366014713155,0.001244528848,-0.0047053335080000005,-0.006931007524,-0.067263624332,0.698693534093,-0.003848972162,0.004442707835,0.004130692421,0.013073626673,-0.020376537849999998,2.1027334999999997e-05,0.001821191624,0.017825024028,0.010876781880999999,0.153865210712,-0.009670182713,-0.005164746727,-0.001003129632,-0.000993512478,0.777170191918,0.001202350653,0.022912474615,0.010040210820000001,0.299975092922,0.6657271319
353,4,1600,300,0.05,0.001,0.001,85,25,25,1,sigmoid,sigmoid,0.294007,0.31913400000000003,0.314152,0.872036,0.85008,0.821285,0.935183,0.922155,0.91151,47.622786,0.434814311564,-0.022666691913,-0.000292226286,0.02659915371,2.197263802801,0.000398984104,-0.000582788589,-0.000416979518,-6.460342300000001e-05,0.011764067884,0.001943840196,0.000116273495,-0.001058857693,-0.000538001398,0.00106566919,0.000624741677,-0.000878664099,0.000754472105,-0.001307626881,0.19223481949700005,-0.001303677056,4.2933493e-05,-0.005073143876,-0.000253078596,0.094064257931,-0.001080630629,0.001679463969,-0.01077718173,0.00010964944,0.0008630110279999999,-0.0008124118670000001,0.000130443981,-0.000944337641,-0.001432103304,-0.010623430018,0.002127836408,-0.002057206468,0.000312426044,0.006818492471,1.1811886429790002,0.00035094802400000003,0.009641720614,-0.0007382919599999999,0.07223002004700001,1.204856915133,-0.000334382673,0.0010915991650000002,-6.1371414e-05,-0.001055720499,1.1096153003829998,-0.012646291904,-0.002675573205,0.000274312957,-0.054099400752,-0.165518923018,-0.006734123994,0.00487584957,-0.02078992708,-0.020270424945,0.43704138031,0.00012066569,-0.00024427746,0.001790869536,0.018915411617,0.7548812436210001,0.001778923336,0.010456358943,0.004054944247,0.015699809534,-0.022793039887,0.002172396897,0.001153519377,0.010997646721,-0.012822263142,0.228039326412,0.003202493116,-0.011549674324,0.000845213304,-0.009087087304,0.693499313934,-0.000569483716,-0.003789834289,0.009973443013,0.220248043537,0.7362356323620001
354,5,1600,300,0.05,0.001,0.001,85,25,25,1,sigmoid,sigmoid,0.294032,0.319427,0.314031,0.872036,0.8496540000000001,0.8216540000000001,0.935348,0.922113,0.911791,48.700032,0.439044590507,-0.011583699595000002,0.00044266425100000003,0.009010897475,2.0597710950029997,0.003574034819,9.8526996e-05,-0.000429905668,0.000574428129,0.0005524950099999999,0.000201304928,-0.000908124473,-0.000950031471,-0.001045068593,-4.2389155e-05,0.000259393606,0.000403966572,0.001829557494,-0.001385319026,0.134533675304,-0.000365342621,0.000673406535,0.0011343653560000001,-0.001075822951,-0.093024898903,-0.000520697733,-0.000649742759,-0.007568156109999999,-0.000625638865,-0.024102010381999998,-0.001041128866,-0.001058240775,0.004319215926,0.0010436702950000001,-0.0046161840539999995,-0.001050672585,-0.000637060968,0.0037857353950000003,0.020122028671,1.2142425690379999,0.027207184051,0.006012067323,-0.00241355423,0.169254940535,1.202544144222,-0.0007419178810000001,-0.009570674355,-0.0009262163409999999,-0.005843254413,1.0269877144269999,-0.007898403274,-0.024511475515000002,0.006610175237000001,-0.07703077380699999,-0.116367973587,-0.00098095364,-0.001009404277,-0.016109126703,0.037152288548,0.45253440312,-0.001671831631,-0.002501467276,-0.0030893511469999996,-0.061302839911,0.8202636071610001,-0.000354430198,0.007125479236,-0.000610722586,0.0012583156410000001,0.037481038232,0.004334444751,-0.001119104258,-0.017408234832,0.000765284191,0.159552091367,-0.002548347909,-0.030953633865,-0.008884220966,-0.000437688349,1.277998890196,-2.8003838999999998e-05,-0.024428413149999998,-0.054610440075,0.092957668971,0.271936560291
355,6,1600,300,0.05,0.001,0.001,85,25,25,1,sigmoid,sigmoid,0.293434,0.318679,0.312769,0.872576,0.850415,0.823098,0.93518,0.922328,0.91194,47.443208,0.350595540234,-0.022058917848,0.000584828152,0.028511255223,2.094063077654,-0.000742069533,-0.000621712773,-0.000429929442,0.000719733809,-0.000849009124,0.000228090295,-0.000587612549,0.000674023324,0.000364893091,-0.000880469676,0.000187442337,-0.000649428813,0.001706371932,0.000274413631,0.227025504922,-0.000512219618,0.000305740923,-0.004438720951,0.000436954367,0.205653538761,0.000207687695,0.000124888696,-0.005718311551,-0.001231319487,-0.012755773213,-0.001254176432,0.000367482126,0.00151675904,6.8325164e-05,-0.003334111401,-0.000697365887,-0.00064798242,0.00047319745,0.012784598162,1.237771953855,-0.006111352006,0.023924929805,-0.004383184456,0.051581693946,1.26734156268,-0.000643904579,-0.000423427879,-0.000965885045,-0.000521876737,0.9349248537,-0.005080118297,0.001126617431,-0.000146764027,-0.004512099938,-0.106050042552,0.013587016546,9.8055071e-05,0.000582516019,0.001035607636,0.453545511833,-0.001052330011,0.000369237141,-0.000178878326,-0.014752103082,0.758243113756,-0.000102469315,0.004188895288,-0.004021799159,-0.015299744804,-0.001478434328,0.002446740504,-0.007790536337,-0.006252805154,-0.029665529911,0.143239143171,0.007562220837,0.00895079523,-0.002211311119,0.000485492964,1.43014980214,-0.000881455024,-0.015787527404,0.032652495063,0.196103091751,0.19628352819
