0.022437600682838454,1.1138723066266354e-07,9.729324785672907e-07,0.02327988258253404,0.19352646861664463,0.0015941340824339521,2.8920161339631772e-06,2.410502207018468e-06,7.737143326915398e-07,0.0063263182474297035,4.965312745696585e-06,1.2913070854055556e-06,1.7829012649274342e-06,1.070892998869013e-06,3.303647280067687e-07,5.022786865674267e-06,2.8236378233641954e-06,1.3894736874468e-06,4.189975955611636e-06,3.75854546073038e-07,2.074101263116573e-05,1.5630212036125876e-06,5.168956738932155e-06,4.441608540145453e-06,0.046884837006485006,1.1616780210347203e-06,1.964061834810686e-06,1.580551624062587e-05,2.1091864746530064e-06,1.3191676474753734e-06,3.5252818354255835e-06,1.0591518656401597e-06,9.670226302615523e-06,4.495360615454123e-06,5.1213436052434585e-06,8.438853391007959e-06,5.573544049858897e-06,2.094913194653713e-06,0.0041160263790722545,0.04702526804256789,0.003963379585115809,0.011576225027799427,6.694838668007416e-06,0.00435298142980637,0.02956221971337244,8.587514886968535e-06,2.597992636976382e-06,8.745981144288097e-07,0.02679154914631421,0.1305187531625595,4.009942722511561e-06,5.207079760144633e-06,6.040308765185846e-06,1.127502157561889e-05,0.12093589473880417,0.028007575354016878,2.205408819912297e-06,0.009046897433099518,0.012017941317344447,0.030976801910884103,1.1396330585912766e-06,6.126629498441222e-07,6.749419073287398e-07,8.545999998693075e-07,4.9244164512698015e-06,2.250072723989223e-06,1.5219919914288551e-05,7.694759397676782e-07,0.001056584561182595,1.911073209683246e-06,3.6818592984659553e-07,1.2300203585094124e-06,1.7888976917802716e-06,1.384860258342937e-06,5.568898176456748e-07,4.4972598039399766e-07,3.63378433186147e-06,7.91916560640383e-05,0.0012945770358557178,0.05003630861270191,2.598703868521103e-06,3.564909266456042e-05,3.562703357599481e-06,1.6071689852135e-06,0.019130569912407504,9.99366418921107e-07,8.969296090751628e-07,1.0522191292981892e-05,2.6948176432217653e-06,0.02112396103698182,2.7285560309699103e-06,1.2573879218873094e-05,0.0024372259693547994,3.876327757859492e-06,0.017370169194305948,1.0918402045839947e-06,1.8957516509369863e-05,0.0017596718058254864,0.04611545753756086,0.08634785131432564
0.021478439831641417,2.004447848260627e-07,1.5528868601517069e-07,0.02079649103084701,0.18232067644164862,2.1361090112890534e-07,3.1334672702053587e-06,4.049830570261627e-06,8.713442629913953e-07,0.00599291861488062,2.4717489656753945e-06,4.264380723057445e-06,3.896096233763084e-06,2.8166335663106496e-06,1.7957540747820525e-06,1.3510650792730013e-05,1.8064503890856553e-06,7.972373026468681e-06,2.833713921647414e-06,8.415260586357549e-07,6.986898317459862e-06,3.736988980963629e-07,0.0018608193317242493,3.880338966678497e-06,0.0420430966840901,5.743405708757496e-06,5.131906709770525e-06,1.3048389625629463e-05,5.965966564029314e-06,2.1906635751734656e-05,8.51694334977626e-07,1.4019741019480902e-05,1.9090508013789078e-05,1.4979550817967447e-06,0.010271111406872728,4.833584770637963e-06,2.5246500764111084e-05,1.502888629971947e-06,0.004717108526577346,0.043951930593451954,0.003922696709940149,0.010492895202800558,4.235370185093572e-06,0.006270658998082869,0.030229008909055388,1.359114355430741e-05,2.6933291135207107e-06,6.431080068135055e-06,0.02553849739119184,0.12640273474693461,3.6371689590363494e-06,2.7316520970418674e-06,0.001592516809918164,3.977704734877799e-06,0.11593010199758311,0.026423756149244092,6.043796528131678e-06,0.009932381830892581,0.011362624246723817,0.026091591577487378,1.1895529190390861e-06,9.189574393920968e-06,1.4541401292032747e-06,1.6199290339100745e-05,1.405428389078378e-06,2.3365179204482183e-06,4.8804379359298905e-06,0.0007678759987615911,0.0011365523992122768,1.4373591687762734e-06,3.9085389331084317e-07,3.953532770654388e-06,3.8136750033199096e-06,2.81980139350746e-06,4.255354537574682e-06,2.337649297710324e-07,8.086736064100998e-07,0.00021119958134323182,0.001578016432927496,0.0514692495762215,2.942115550988543e-06,1.0251262071384893e-06,3.0115578268562976e-06,9.991981770526551e-07,0.03291122058892079,1.4094356746974154e-06,2.674309774446519e-06,1.3793603225802463e-06,3.2182592393941234e-06,0.02585039312976968,3.656757722031798e-06,0.00310764712136049,4.3000423595224266e-06,2.0446967601571413e-06,0.028096139871255647,3.1484345889583275e-06,1.4213002328877589e-05,0.0021305174278219907,0.0442482818095987,0.08054820410473071
0.021903818936801534,2.9324966902727036e-07,1.0907277684894382e-06,0.02083949379572554,0.17810105176911137,0.0014615266141203476,3.559525233988509e-06,2.1707565219794633e-06,7.257932159575221e-07,0.00783768107211305,1.8165852243822896e-06,1.9660192626283893e-06,2.953985012481163e-06,8.580094200426643e-07,3.1149683129937765e-07,9.085225591322026e-06,5.408729841696729e-06,4.58987759077472e-06,3.316069708401735e-06,9.73044990122714e-07,1.0434060110791131e-05,5.986397197213886e-07,8.646489877607126e-06,2.909536947207713e-06,0.0409925884029051,2.8541773304363654e-06,1.0751837803022247e-05,1.148254059106681e-05,1.3903857428466046e-06,4.502022844355995e-06,1.5491548580710447e-06,1.0881823377561791e-05,2.9157983344816638e-05,5.332421789794513e-06,0.008333903682062912,3.94692144099517e-06,1.7034304416713716e-05,1.696812244366319e-06,0.004782489134728172,0.041916095849306466,0.008542349913956528,0.0073360455851423706,6.702597444802767e-06,0.003710184555713045,0.03113800111277653,4.422488182633049e-06,7.137056743414185e-06,2.1090257076083825e-06,0.028187456340074864,0.12596763109278744,2.262347573853467e-06,2.2488562693077858e-06,1.6139088562792722e-05,7.563692837487956e-06,0.11417293034416513,0.021958134650215167,5.204555906722947e-06,0.008091560018251705,0.010524281310525746,0.028532402076540102,2.7811301099762095e-06,9.9426065881227e-06,0.0004070195860705336,2.8321852549617757e-06,2.337224388097807e-06,5.197164637630886e-06,7.037435698864033e-07,0.0009600393602627804,0.0009627626121047742,5.8599995687931014e-06,5.597677339851362e-07,1.9956751732745736e-06,5.842214678009889e-06,8.24512180150183e-06,1.2212366238019352e-06,1.8111951866262653e-06,1.8870876966194254e-06,0.002132516534574692,0.001087118186449355,0.050094551870600454,3.666211407278981e-06,1.7210511771506825e-05,1.6530371151391008e-06,8.771751394831198e-07,0.043215083792374626,0.0013332602062886736,1.558135157493503e-05,0.001236046745329816,1.2364584373564434e-06,0.019804131830212804,1.7673417613042705e-06,0.0031937991464586865,3.2108657096904467e-06,1.388980858722462e-06,0.03734629187709655,1.3373442834301525e-06,2.344595016474572e-06,0.005613953091894788,0.044316156828465555,0.07365007393115569
0.022818391008579852,2.2538818105875148e-07,5.070669693416764e-07,0.02202679898140483,0.178128333288426,0.002854115955198915,1.2079145161830684e-06,3.2567047577802073e-07,3.471293548282734e-07,0.012882274780258557,7.585282834886513e-07,2.2725744262471216e-05,6.263869896839483e-06,2.5423326077241365e-06,4.6109249138548555e-06,5.8892617743891855e-06,1.2861970138035933e-05,2.649954807005862e-06,1.3184443741647885e-06,2.3928979036404824e-06,1.4868882114524024e-06,7.120734497798338e-07,7.610985940587161e-06,2.0169930200623027e-06,0.037438386711735376,1.1184978893306054e-05,2.1600760743862086e-06,4.944674802198022e-06,4.524891926013292e-06,9.001607418844292e-06,5.950441390316968e-06,7.441569559095386e-06,2.8139015706491876e-05,5.59322407352764e-06,0.017814157469061,5.198893368413974e-06,1.1014723208472727e-05,7.583154568885957e-06,0.0040308099771135236,0.041122152144589766,0.006939796244101537,0.0061839005783198685,4.668928099773741e-06,0.005043963988452326,0.025163421524401142,4.82834994889769e-06,9.414392233332968e-06,5.197336303135948e-07,0.025162638762397514,0.12278948678646522,5.280748835678707e-06,4.632517519889948e-06,0.0027381938888951106,3.8763070273475687e-07,0.10934216302161577,0.021540841237528013,1.1238935783526064e-06,0.009110716602554513,0.012636460930694747,0.026176680193073155,4.567657415394734e-06,1.8561315986479588e-06,1.7083552184403153e-06,4.949572571203061e-06,2.7751529980867856e-07,7.083454530407792e-07,4.153573499975906e-06,0.0008406863760437496,0.0009052113702207907,1.75185262787224e-06,6.85802517490477e-07,1.3589809373152149e-06,3.761497451469111e-05,6.054841321801603e-06,9.959035979595648e-07,4.783649850959883e-07,2.4907456254704433e-06,3.2569568353431616e-06,0.0014073448049675133,0.04841545416006757,1.1732645286854577e-06,2.8561876109224096e-06,1.0073628935951548e-05,1.0372120395322483e-06,0.042568194939922796,1.6977759980563282e-06,2.027373529820105e-06,4.469011699307341e-06,1.510591227910692e-06,0.0238450440287194,3.604095558171064e-06,0.0050922041634267326,1.8410275442379612e-06,8.443081051745297e-07,0.037948973493517474,1.6084144683110624e-06,2.0472118181539292e-05,0.004707264139814482,0.042993573108565074,0.07899619327180085
0.021043579374729997,3.7428526926262393e-07,8.788578948527543e-07,0.020701051917528735,0.1655326514606817,1.4962055590189442e-06,9.355384390710747e-07,6.396055370316711e-06,6.361256774979359e-06,0.015601934991406986,7.519697456255706e-07,1.3608825663212104e-06,5.256518135290391e-06,3.433181220895e-05,1.6031082707400632e-06,3.2712386209053116e-05,5.829540231000046e-06,2.8466333512820297e-06,2.1328679072010192e-06,1.015869529542843e-06,4.452913994778893e-06,4.988926516506863e-06,0.004931410152692479,2.328224206770128e-06,0.034446526388046475,0.0007391327383644403,5.527735921039769e-07,1.9841051549514096e-05,4.049542643262743e-06,3.5163459120730577e-06,2.6125593199266516e-06,5.587655053252246e-06,1.1276282792930078e-05,7.3574811709176894e-06,0.017247347348289137,8.981936189987531e-06,3.96199785994762e-06,1.8730512108230689e-06,0.0030158382742649977,0.040267188192113224,0.007766859541083532,0.007453606771929556,7.721574043973263e-06,0.003257501023682168,0.02894790641632831,2.9045822114445683e-06,1.034739913111312e-05,1.7764097085950761e-06,0.030349593243424372,0.12211351406816386,1.6953727809503875e-06,2.429278429095641e-06,0.004003580062927835,2.7791386668970135e-06,0.10595030855623155,0.02029066730975363,1.2591022149418837e-05,0.012868535878289506,0.008992149391500332,0.02691742544299501,4.485266796128174e-06,1.2867026419598145e-05,0.0019505629622670968,3.357151229690965e-06,6.620739570099924e-07,0.0008666406129146409,3.458346983408048e-05,0.002689510804826048,0.001472578271604385,2.6977856572508257e-06,7.029504843294171e-07,1.3847116839076223e-06,0.00010426186589323523,2.280805344912529e-06,3.1030385414269454e-06,0.0036998290458914256,9.800749414613923e-06,0.0018974972563502333,3.1725637661077993e-06,0.043615541650500966,2.19753753933116e-06,1.3525365955710917e-05,7.220039091797966e-06,1.7769884420393628e-06,0.055313177292136466,1.1383973687229885e-06,1.3206201441619336e-06,2.380848623869008e-06,1.7607645729723095e-06,0.01455048523484363,2.6411461451608228e-06,0.0034604641493467506,0.0026323225349362137,4.6871366190794945e-07,0.043759627581212476,0.005119002407896927,0.0028906576452194517,0.002123026913684744,0.04397918350717425,0.06709588439760149
0.022454319723501835,3.426706737541006e-07,2.7174596601668354e-07,0.020274572107779908,0.17037877456384298,0.0015699335200396274,3.513362890190815e-06,8.12069356511736e-06,4.0901255919932517e-07,0.011022127190016887,6.277297590925362e-06,8.606650269271649e-07,8.885515856736959e-07,1.377922839693607e-06,3.037139549897564e-07,1.5467097227021088e-05,4.212145822736988e-06,4.279799235169138e-06,3.0827543198027708e-06,0.0030482566588524865,8.820772775332906e-06,1.779521072904916e-06,0.0031965735065124998,8.921969399207191e-06,0.035987256665531146,0.0008307111232234369,1.1937434659599296e-06,2.9823627897572263e-06,4.381640160028734e-06,2.4697086028751315e-06,3.6201808210951187e-06,4.589260714832457e-06,8.84802826463514e-06,7.499261951379165e-06,0.017063990303647872,4.607172953868966e-06,7.583562188696867e-06,3.458592214701669e-06,0.004488974754571664,0.04065249069827779,0.006200342750862555,0.005968941677707835,8.963561882801532e-06,0.0039429146869188365,0.028204129039662074,6.40954374005451e-06,6.731501985109242e-06,2.9845621453377925e-06,0.028478585194247917,0.1234763696308004,1.5511294999478013e-06,4.444194039763072e-06,0.0038596258355805633,4.4805960332148375e-06,0.10953252646216517,0.022575184657598224,4.278709743745313e-06,0.009768576633957613,0.011262303440923408,0.026857386364302106,1.2725013446189144e-06,2.9733056399832695e-06,8.010313412890552e-07,3.154919083313546e-06,5.585341299566894e-07,0.0008446949530385376,1.1053103840046088e-05,0.000942736504775084,0.0010328227043752613,4.533477977695695e-06,3.5830939531663785e-06,1.1992218112471695e-05,3.102145463321223e-06,6.809300255606226e-06,3.8071534780374347e-07,2.7163230599002143e-07,6.065039796754653e-06,3.013459899582452e-06,0.0010432236920360754,0.045454467848100255,6.058990869540301e-06,0.0034796781558321826,2.8993550325506664e-05,2.852755389455302e-07,0.0465105808551533,1.3511401117035932e-06,5.6859320999576975e-06,1.910449372500457e-06,1.03100597614268e-06,0.01909666548582744,0.0013080327853545977,0.001726433428303578,0.00235957530725453,6.345066540853514e-07,0.03938554521591313,1.0896779184540725e-05,7.91722015364659e-06,0.0061429362521468285,0.044586287147914905,0.07470711613496865
0.02264784809990763,7.157591123745249e-07,1.490541214212135e-07,0.020567512762793748,0.17163043926160956,0.00187680696357924,2.693883386790732e-06,2.2053448625794824e-07,2.5835352331583817e-06,0.01163552071238847,1.0901577249188413e-06,2.6303073287074016e-06,9.060780889283029e-06,1.6227202481779672e-06,2.7687878609047166e-07,6.7150828731752675e-06,0.00284328878614762,7.202961611914572e-07,4.090139549579358e-06,5.361587310811717e-07,1.5702250728208865e-05,5.508451774909242e-06,0.003668321192071752,7.272061106604939e-07,0.036462129835799835,0.002194512436848633,9.593270452689589e-06,4.5744532390791005e-06,3.951538957013543e-06,4.9064422161977026e-06,2.529277031024341e-06,6.9921524213747535e-06,1.3553060924844883e-05,2.2060387337768287e-06,0.016228995218109898,5.53374528512262e-07,1.4533734265429886e-05,1.0797665505423664e-06,0.0054952976804707315,0.040852161179084835,0.006850632561051053,0.007192005511351536,9.09963648167611e-06,0.0030211978815859637,0.03048675673273825,3.666855816236899e-06,1.0278813715736699e-05,7.309091471536985e-07,0.028128593921403478,0.12098324847484761,5.60018367070942e-06,7.288567147567664e-06,0.0040710243906169185,4.7302114280309315e-06,0.10099224253653317,0.020781403423469704,3.1001601692205752e-06,0.010121871505838199,0.014416197517904291,0.028110898680968936,1.1252901905716848e-06,1.2910247126886758e-06,1.1428762905563883e-06,8.838131451967768e-07,5.954151312055951e-07,0.0010129538938662686,3.2366740589049975e-06,0.0010300267760319818,0.000980332289516752,5.1940989861773e-07,6.351621935058695e-07,1.5099978796964396e-06,1.0061652695075509e-05,4.293581347400515e-06,1.2184216459153793e-06,2.410046935734309e-07,0.0011037589394430282,0.002778733916662428,0.001563800825937875,0.0469209249478385,5.932182061713544e-06,0.00027810464909058526,4.987003265677883e-06,3.0117020687577457e-07,0.046086426993713084,1.7947291114531292e-06,2.524341385595599e-06,1.1885603777418975e-07,1.4775237117326413e-06,0.009298337838116167,0.001284202683626125,0.00773598446253396,0.002072171819609937,8.57569492311296e-07,0.04866644852028527,1.263373702094837e-06,1.3523365538125743e-05,5.161140318753197e-06,0.04432057967562128,0.07337959727812793
0.021713303973956887,4.500781286906727e-07,4.612955238642995e-07,0.021606642176355943,0.16735399798282188,4.0008469741619584e-07,2.2185688829941687e-06,2.105141747242974e-06,2.0275063803450646e-06,0.018016005572996888,3.7246972345193168e-06,2.025442419085212e-06,2.6238809311553386e-06,1.7214141601160023e-06,1.8088549416625336e-07,1.7579558524550107e-06,0.002799282912564853,7.558288969941526e-06,3.580855399094819e-06,0.0020650854390811954,1.3406619952749686e-05,1.0739583480027862e-06,0.003040894407216822,5.198859173103804e-06,0.03522192348772585,0.0022579234410333078,4.426596742040019e-06,9.558014421538895e-06,8.439940740982826e-06,2.891117930071731e-06,3.0794372034286445e-06,1.5593539021839166e-06,1.6071901419821754e-05,2.980037305998366e-06,0.021468670306442072,2.7607753756316973e-06,2.2176610699840875e-05,3.7076008796178087e-06,0.009559418598667609,0.04090011074606622,0.004070637734052483,0.008898057865130812,1.548593063408354e-05,0.003012120948944326,0.026454738194100845,6.471554179540828e-06,1.8128159006937243e-06,1.468456517072559e-05,0.024851296521819284,0.11747990338671922,2.13755379991056e-06,7.942333174259428e-06,0.005234668532297963,0.0018003885905542166,0.10379216147401477,0.025533328970182952,9.989668162058636e-06,0.013410585484157637,0.012423380048328261,0.029551171604746386,3.017397087057204e-06,2.7835279552346366e-06,0.002207731938481041,1.2981977530376622e-06,1.211178428384224e-06,0.0005954825164032295,3.050363223757836e-06,0.003136876976509512,0.0009904631040226044,1.5536353749134808e-06,3.7480703384015953e-07,1.4821492328587195e-06,4.5529116695806187e-05,3.890761624958303e-06,2.0882591055253465e-06,4.216030743804457e-07,3.7052021349966868e-06,0.0047463414528020696,0.001549864442721268,0.04268483123962247,2.8742536653106503e-06,3.7727382589464013e-06,1.3188197979586723e-05,4.24311679808755e-06,0.046483816687625246,1.1386728295061327e-06,1.456508705237785e-06,1.018388985678158e-05,4.1493239054754845e-06,0.003986147999452384,2.0940568360174803e-06,0.004974290680727006,3.0732746994706192e-06,1.0203787156363161e-06,0.048364650203524366,1.7071758688530008e-06,0.001533659150467636,3.9026448869490895e-06,0.045513099820820274,0.07040714361417408
0.0226247392470521,2.1475330011251808e-07,1.6591434984984235e-07,0.021531531135976577,0.17687531738117057,0.0021923057569344477,1.9477256243281768e-06,7.486220018638382e-07,2.66816546757455e-06,0.011910951215166063,3.555737678166052e-06,1.1898214453722985e-06,6.947813278337792e-06,1.9528025487973025e-06,2.0461234722946913e-07,1.1529317020535327e-06,3.91916035614442e-06,1.044058353172266e-06,6.1894191787323e-06,4.3606012804712647e-07,4.5491043289814315e-06,2.129995222979e-06,1.0260798758650618e-06,6.783375469031333e-06,0.04046039213215203,1.7116593674223954e-06,1.4527554752231868e-05,6.959605794782972e-06,5.635732414915282e-06,2.1238988240979666e-06,1.405411314041131e-05,1.0924197678048442e-05,1.2059291329143031e-05,1.31379549502465e-06,0.006018982205724593,1.2131529159071819e-06,2.3197558886055713e-05,2.6681562309404014e-06,0.005758492860651502,0.04241426217422109,0.005044373645367692,0.008415945331113108,9.615513002751943e-06,0.005061343837360487,0.026396296027343592,2.2933939250776465e-06,7.288754714242779e-06,1.1408383843334204e-06,0.023844910862984514,0.1264650381670695,1.7461637054001854e-05,2.9371561548993216e-06,0.0022437252336575974,1.6370236099845665e-05,0.11022089343905485,0.023638568028900225,9.212193366678376e-06,0.011571611021857175,0.012039809019302605,0.025844931112093336,2.8301911027825023e-06,3.736958178655267e-06,0.0026099400074057143,2.2378669145072886e-05,1.4647431575867324e-06,2.683848873360783e-06,2.0231468741223255e-05,0.003298992390410622,0.0011264178424145806,1.8986696288319198e-06,9.700520896130966e-07,2.073436034562646e-06,1.5497071021581358e-05,1.2225430884681619e-05,3.1507093809092146e-07,1.7604355217799567e-06,3.603895580459107e-05,0.008173764814418094,0.0009185897327208595,0.04825663817688449,1.57466630789606e-06,1.5966490823067755e-06,3.106080177569882e-05,6.533472697299853e-07,0.04371603911857633,1.5236141125061435e-06,8.647552274047321e-07,3.574845320250751e-05,1.323703120625901e-06,0.02132822418953082,0.001283787633385014,0.0020193938426722293,2.6389502330161676e-06,1.950124152083728e-06,0.035367120688926286,2.9185075941540214e-06,0.0020525723715220374,8.76855390718744e-06,0.04505514645366288,0.07379469118302145
0.022018750151452788,9.319546285864264e-07,8.826540440252227e-07,0.02226024197851503,0.17003013901949013,2.603372631555714e-07,2.888876923890296e-06,2.8571465624242274e-06,2.0957301133904457e-06,0.015235276406195467,2.2057531221877327e-06,8.09484045000916e-07,4.861855849911532e-06,1.7891385199964585e-06,5.916478896137859e-07,6.316621447624143e-06,0.0025900041068586954,1.3907352907052767e-06,4.221847939400389e-06,1.2758154252386467e-06,3.5796362784713002e-06,2.606774300983629e-06,0.0029249635976928137,4.189245489420961e-06,0.03747632732735248,0.002260275886468154,6.832863765930433e-06,1.1878414755924475e-05,7.128152254593685e-06,7.674810184814887e-06,5.601386081864014e-06,7.706995409531789e-06,1.3529160292635046e-05,2.376065499095574e-06,0.016243516228030105,1.7437616836450069e-06,3.4570960306791054e-06,1.6542726054613463e-05,0.00787635906001004,0.03854120681324837,0.007218289044811915,0.008324655056594256,7.515201187344747e-06,0.004722557648339852,0.027606133037314975,6.373588388374433e-06,8.163130560982186e-06,1.3396196139868713e-06,0.0263398573239791,0.12618352094738647,2.6466240795931907e-05,5.51360168401153e-06,0.005429875809245621,1.840227886127951e-06,0.11136209672988386,0.02375149621327239,3.565323100368804e-06,0.014315845915781934,0.010398095109468094,0.03001450423582656,1.883574765996927e-06,1.5748020363598005e-06,0.002261975500410819,7.532441073671702e-07,5.62611908744075e-07,2.9912108145397284e-06,3.8028886823750525e-06,0.0021334703238713314,0.0018889922431194316,2.172219438865198e-06,4.139316465471986e-07,1.1877083281855484e-05,6.339593539331641e-06,5.5924148312158335e-06,2.708691054317433e-06,5.283439268183374e-07,0.0022302403056852437,0.006978243561742814,2.279887693507067e-06,0.044486890999965945,6.433595365647048e-06,6.32348997885576e-06,1.0105915614463487e-05,0.002863121561894112,0.038569252341295455,2.5373192548580126e-06,0.0008515731099462353,1.7662242160350825e-06,2.6404590778937884e-06,0.009167285283731097,0.001303449346168843,1.0069252057825127e-05,1.2601302117352253e-06,6.664593858575219e-07,0.03529094467675393,9.58571919832161e-06,0.001472751813370056,2.0206754759549996e-06,0.04497957972717781,0.07211234819971796
0.023476389823737284,9.921483275733402e-07,8.949604393561482e-07,0.02258718980010659,0.172283570532492,0.002776715688253693,1.3988671870989728e-06,2.3547082210073274e-06,6.161965487080457e-07,0.010138803946780375,8.58108230953776e-07,1.043378152664967e-05,1.7768672609515294e-06,3.4232292846147854e-06,8.964832211013017e-07,7.401209936019089e-07,9.779084853512089e-06,4.052863834850591e-06,8.629874774902443e-06,4.866571171691439e-06,4.471116132368261e-06,4.781597750702434e-06,0.0030993120800466385,2.5977535165571138e-06,0.036207374094672465,1.1081443635590174e-05,1.7042643111623364e-06,1.5445424330588203e-05,1.6575613607496668e-05,2.0185077681561946e-06,1.330977565980086e-06,1.0743389201838868e-06,2.7778087383445956e-05,6.664133419295176e-06,0.014232076706807699,5.293233693040767e-06,1.1062539804682543e-05,2.1337106097358944e-06,0.006079372432469901,0.04034848432138337,0.006038729599203882,0.008511045610762375,3.156181794566208e-06,0.002903461108055325,0.020193352070903853,2.8849879842345616e-06,1.3052076961753593e-06,2.2162582824575434e-06,0.028464007333430904,0.12191623573608888,1.7562303743215687e-06,3.0633466341402e-06,0.004537846388807153,2.5446759283238223e-06,0.10581474574364962,0.0224080273111551,2.963060123294634e-06,0.010179992214559992,0.012452307610912096,0.027186602286829595,2.483289499827097e-06,1.3151083246823194e-06,0.0005051726002856757,2.6285126826877496e-06,1.4849372871868824e-06,4.172056939869494e-06,5.831437683239909e-06,0.0009353201200319761,0.0009458278366504915,5.10122097133838e-06,4.3200974842838226e-07,4.14562037919079e-06,6.57281012095219e-06,7.645020327310548e-06,1.6052043446130297e-06,5.65062447307029e-07,4.470208447943478e-06,0.0015222838426607488,2.810927100254061e-06,0.043835850775178674,0.001146508593079385,3.309695788957956e-05,1.5247018370948251e-06,0.0042756775284249855,0.0569408714599642,1.3614260051122969e-06,1.2010389646506668e-05,3.6896426613006974e-06,2.778374314215449e-07,0.010466386705341045,1.153067758149163e-05,0.0048888789989834265,0.002722400093740059,0.001013707805982009,0.04799394512339412,2.4737053981858306e-06,0.0015369236565385557,0.0033556374253123702,0.04650000910026278,0.0692761105711622
0.020769581668456327,5.488649334674845e-07,7.232859641120532e-07,0.019870849074955538,0.17618057502247367,1.7152685589843624e-06,2.0378890090226372e-06,2.2340026680042365e-06,1.3386098517319797e-06,0.017906017572157866,2.6508493271398083e-06,8.082809122718568e-06,4.563298778780726e-06,1.120402942336559e-06,1.2756386974218129e-06,2.113308169233464e-06,2.7130462237822962e-05,7.409895469145065e-06,7.923415846935695e-06,1.5207359675659796e-06,3.5255309469724436e-06,3.650206147788072e-05,0.0034293618390663226,2.2907143374779487e-06,0.03942106177326902,1.851099971459204e-05,7.263205059547867e-07,1.5707968470961613e-05,2.7055694975966637e-06,4.891930467678687e-06,5.016788451563873e-06,2.9063522296215236e-06,5.499848052048995e-06,3.2434500418643487e-06,0.016409666005549307,4.778428059406541e-06,1.4228559077133537e-05,1.7515641296267086e-06,0.006056355711380455,0.04301024072586034,0.005544929243879723,0.007506533997168004,4.724570629138376e-06,0.005333570665169703,0.03477329091368077,1.8948348047694647e-06,4.873102457658572e-06,1.6326628094060057e-06,0.0263984145089711,0.12555729071446167,1.3299359623343926e-05,2.523614153988791e-05,0.0027397363490037217,5.393287767158606e-06,0.11565409087641328,0.023950400613632364,2.8653008803790766e-06,0.013591752054239044,0.010388954012280202,0.024790320707046287,1.2351241785428237e-06,4.38598747518157e-06,7.63186884683245e-07,5.209649063304354e-06,7.353202404199325e-07,1.3665744869824686e-06,1.9099089331758e-05,0.0009786697148429536,0.0009380781968691317,8.042665748685729e-07,1.8831955576955385e-06,1.3490077618663582e-06,0.0023993194351540708,4.772634773570363e-06,1.3180559526738922e-06,3.6907411561993834e-07,2.192644592798109e-06,0.005393982881749774,0.0008392533133623608,0.04241659787312212,3.766780249310109e-06,4.208340420954837e-05,3.437671395511069e-06,4.502513062728261e-07,0.03803454839767466,9.514778270788535e-07,2.2353506695822825e-06,1.8192307689631176e-06,8.483188518618973e-07,0.01475542341977213,0.0016365623483713227,0.0011385896036501862,4.022660225783307e-06,6.202973209516957e-06,0.030236685923571885,2.291650692455376e-06,5.764651045645044e-05,6.355257443455307e-06,0.04465058628742142,0.07686651912351118
0.020632805305175306,2.0522844424168506e-07,3.5131029711958782e-06,0.020011264159791466,0.17349892703127487,1.3327643365394035e-06,7.429130048043848e-06,7.125331451282836e-07,7.301993307866753e-06,0.011023808841096626,7.016559343385741e-06,4.268846203017565e-06,5.606967732984148e-06,6.515712267581101e-06,2.622647430905942e-06,3.919205975680294e-06,0.0028982985299940405,1.6212338823217126e-05,5.215706599798977e-06,9.573007046466111e-07,5.754314054769032e-06,6.12754493303875e-06,0.0033739900812306614,7.097461923172122e-06,0.0372071260666117,0.002408033408704849,4.513785923525943e-06,4.329471678215472e-06,1.1600932262404643e-05,1.4529275793948013e-06,7.415743571485116e-06,6.744403630908951e-06,3.330463531341367e-05,7.454682733452092e-06,0.01716709625156858,8.572654227179264e-06,2.731260433825031e-05,5.87977868898594e-06,0.008114375962194288,0.039474983549725,0.00645178598270992,0.0060021375014429005,2.7057706647179725e-06,0.005549621306696706,0.03624040838464956,1.4611920898164746e-06,8.833581986665015e-06,2.9684322390823417e-06,0.022704448468535244,0.12080343768484514,5.0985851832610445e-06,8.521307033592358e-06,0.005779959138566485,6.474327916198261e-06,0.11184118389558773,0.02196212653725896,1.3258670641418901e-05,0.012249869583160024,0.01253529881723917,0.03096760430786598,2.5967374250010022e-06,6.555369065911994e-06,4.365801309052175e-06,1.0120291366798059e-05,1.446893054113696e-06,0.0007701733329028108,4.0117751677179345e-05,0.0007678614937382999,0.0008902554896994355,1.6871218862116313e-06,9.057122991234154e-07,2.6020573515768494e-06,3.4553495782923397e-06,6.658210964608098e-06,2.0784169912102694e-06,1.8023872402972927e-06,6.056127534862655e-06,0.001235587405134309,0.0013420418525698062,0.041582666319477844,1.0876318767462009e-06,1.1807659429258412e-05,7.226860536790649e-06,1.8213251070888253e-06,0.042488058925662056,4.1278997005272317e-07,1.1784606375059337e-06,4.0413503483271985e-06,2.014008596411535e-06,0.021767278463237092,2.3949969976515356e-06,0.001514454151374608,5.478201248657059e-06,1.9994120637259505e-05,0.02912324482292118,0.0017071307511485492,0.002185641245758076,0.0062501339572401705,0.04384481541060543,0.0752244471035281
0.02109216850113661,1.7116386028008648e-07,1.2640749927607178e-06,0.02051653763827616,0.16911334688346716,0.0018141190346599389,1.8378934899001106e-06,1.564799352458893e-06,1.1388719288350909e-06,0.020201801090622,5.078471319449665e-06,7.903199210947228e-06,2.869659306292755e-06,8.191083266896428e-07,7.501218832216632e-07,1.7885008291351687e-06,0.0031339922944701826,3.7629053661705723e-06,1.0524895378599254e-06,1.2563968767863257e-06,1.0657951991548946e-05,8.234304994861351e-06,0.0032351118920388566,1.137441560852075e-06,0.039561386129712474,0.0027273190718822347,7.605476642802209e-06,1.014242694585756e-05,1.7236363922252606e-06,4.293387395333532e-06,3.4878130045206983e-07,1.1080662756675306e-05,4.061025072468502e-05,2.996311409162692e-06,0.0064178153876819416,4.661418199973397e-06,3.3637318878205176e-05,2.7247044799574537e-05,0.0038655175789852722,0.03932137588871605,0.004626338957394682,0.007684070845710918,5.847033961670939e-06,0.002811556289880673,0.028208375605042767,3.7722284819577363e-06,5.307462070730623e-06,3.1318680706389174e-06,0.028508998308599577,0.12088652303191139,1.6185752742094835e-06,2.334562307692163e-06,0.0033514673305269724,8.939311839493776e-06,0.10393376567345576,0.021266530533729178,9.79213723677088e-06,0.00810673507974424,0.013622281105387575,0.02483400043234025,4.4341075513237045e-07,2.553557993341237e-06,7.857767149817448e-07,1.8202483341538216e-06,3.493506250065993e-06,1.297690968476909e-06,3.958657980290966e-06,0.0009993442427890169,0.001063576390476326,9.803908360037354e-07,9.422195157201395e-07,1.8557474930390172e-06,8.620734880242453e-07,1.426127137478338e-05,1.421836429556877e-06,3.772443148979301e-07,3.255546001926399e-06,1.7432021349197236e-05,0.0012924036126720777,0.04439644878387186,1.190270719907998e-06,0.003462294775638144,4.887391288030708e-07,0.0053365396023730095,0.05570659615604206,1.0392359206340035e-06,1.8163072254062073e-06,0.0023034877072696607,8.158086839677309e-07,0.014325693108068388,0.001095960602030559,0.0013291351052399632,0.0024465604983087944,7.011425491883703e-07,0.051732193861274554,3.4967202061848655e-06,2.1037729969501333e-06,0.0028565052927604874,0.04309430746164195,0.06941404776742366
0.022623408056759737,2.7413357688044054e-07,2.64072195525154e-07,0.0200564066865902,0.1718792425754149,0.003115058381710042,2.700660286694365e-07,5.537078690797139e-07,7.820477615773452e-07,0.010494376898774225,1.3540795137647066e-05,1.0182778459586879e-05,3.6197285390557857e-06,2.801896842142517e-06,3.6657013704728117e-07,1.1412590799227995e-06,1.5834507536186595e-06,2.1734247234890165e-06,9.995784174501936e-06,1.3563911214808233e-06,2.3717467573581994e-06,9.76769929858362e-07,0.0030520054992644306,2.5017867889374815e-06,0.037731330341821225,3.2016746774507424e-06,8.98243744984343e-06,2.5173397488702186e-06,3.187857290897339e-06,6.6411869434517614e-06,3.5008836762709517e-06,5.7622026707709374e-06,7.675615882875862e-06,2.1383909595287367e-06,0.011386008278063381,3.7853204237226462e-06,1.0681877572573087e-05,1.8284041772187545e-06,0.004929150145867948,0.043533724025375246,0.007086060425049049,0.008538915729883323,3.684705436348231e-06,0.003554445430181564,0.025353703468257483,1.1012671554673406e-05,8.039532649576168e-06,4.692310950995011e-06,0.02804026493722988,0.1233251711957006,9.747902041807736e-07,6.018424119684426e-06,0.004680517243024305,2.87380876329003e-06,0.10820160739943352,0.0216569010833165,2.8136155370837156e-06,0.009978663235750574,0.013212715281661454,0.029243791504639998,3.1509991437383277e-06,4.611820732734358e-06,4.051554086160351e-07,4.248517124299949e-06,1.0850244778671027e-06,9.449101262343278e-06,8.915409332037904e-06,0.0009330454347679972,0.0011265689572006361,8.991398249815885e-07,2.3311167029376315e-07,5.209864636418818e-07,9.764398206183488e-07,2.846138605603644e-06,1.589916773593318e-06,4.0860904434668934e-07,0.001331103167823443,0.0021093403594454425,0.0014310301332367738,0.04650536524618329,6.06078256284338e-06,4.797637893555445e-06,5.124702458706399e-06,9.171441817441058e-07,0.04540003264240013,3.0437429891008496e-07,1.0591080709251906e-06,3.4304295011626417e-06,4.820907473822514e-06,0.011556965914684404,2.3818389398003433e-06,1.4459710510830894e-06,0.003081764943189395,6.294623640048817e-07,0.04965986021964771,0.002259094333223684,0.0019260929395451478,0.004586267840487323,0.045089164787571516,0.07110575306777643
0.021020165039716054,3.784743728659203e-07,7.457845861254965e-07,0.020985362328748966,0.18244290922776688,1.8330040577566275e-06,3.0830422970294695e-06,3.864709961620513e-06,1.1273613289203255e-06,0.010176630794028075,8.232148740600401e-06,4.354612612864305e-06,4.1870569486752125e-06,2.0298343048344307e-06,3.9265691108640645e-07,4.362897361059036e-06,1.1208049979416144e-05,2.119083415875521e-06,2.0666307137362226e-06,3.2716178762421775e-07,3.856744013253223e-06,9.319336007394697e-07,1.2186090195351772e-05,7.0597336201687475e-06,0.04116552946350015,8.42775146704329e-06,5.889800071300352e-06,3.681965341952779e-06,1.0520272905618462e-05,3.8029122801435155e-06,3.7488129551385743e-06,2.267554430108545e-05,6.018032295089945e-06,4.798641526893502e-06,0.009905839533650044,1.703035442370512e-05,9.923323967590564e-06,1.7797471464864284e-06,0.007560367899099842,0.04218676640930708,0.0066198022301590925,0.009531425759404185,4.605683347921603e-06,0.007949203267334951,0.029678926817231017,6.029639923749631e-06,1.3883029103805792e-06,3.991155319457484e-06,0.023871074905032437,0.12659288270952046,2.041920315059784e-06,4.389494351160734e-06,0.0030311301821538,4.694980152611312e-06,0.1142530726217329,0.02477885435105106,1.8332289575425782e-06,0.012130036920033567,0.010085571442305114,0.029030305387728758,5.321506896274075e-07,1.2124869854063564e-06,9.194398258967168e-07,3.799983437694347e-06,4.7213564211009217e-07,1.86373024359205e-06,1.3467352505233218e-05,0.0006335435384218614,0.0010943720790541442,2.199701175718129e-06,5.176592417128946e-07,0.0015478878816631097,7.41217937603584e-06,6.051050280530386e-06,7.080612905363355e-07,0.002058918126979865,3.739268466928594e-06,0.0044913792979475705,0.0015682740891985114,0.0479223499702634,6.483331805188001e-06,1.4739142774724034e-05,1.902325084702484e-05,1.0616350275756995e-06,0.03243536139604633,1.2561051960713855e-06,1.2738674329942498e-06,0.00117221484640719,4.857658769301453e-06,0.020318154859059818,9.442424040440484e-06,1.049770980813486e-05,1.1126382358397678e-05,3.6380634140724078e-06,0.03069524430010697,1.7041631172619136e-05,1.3893247699806713e-05,2.5438622761406357e-06,0.04454907494357079,0.07815597529522306
0.02220032650081201,9.660484090054383e-07,1.4729351316058824e-07,0.021440588383164035,0.1748162005333668,0.0018673333041163323,1.2289504809409784e-06,5.143377923755152e-06,6.571660047818556e-06,0.012188173450464733,8.69330842721409e-07,1.3687274280153516e-05,3.622514635281201e-06,9.951878983345428e-06,5.039618179907883e-07,2.930184474084281e-06,2.621486226019941e-06,3.6709027545455603e-06,3.222252611838037e-06,5.638617469899798e-07,3.2333071220534395e-06,5.678364191731341e-06,0.003024623854991805,1.1643918723761218e-06,0.03688729862308028,1.5103502590386036e-06,2.2054393672092554e-05,4.4146819896868235e-06,1.537473334794433e-06,1.0084090698342788e-05,6.834750208282328e-07,1.3614253523227766e-06,1.898330876428619e-05,3.026284981441744e-06,0.015299118388634902,3.7328526035576852e-06,1.0452932938072508e-05,3.7535064149975714e-06,0.0036646292870775293,0.04054666757931169,0.007412491956432937,0.008769267304735692,2.007913593406069e-06,0.004511104563516316,0.02384090477613118,4.683538388420302e-06,8.29517480463358e-06,1.0307954137369675e-06,0.0289202906857323,0.12417576292240684,2.569900776143483e-06,8.08312333475872e-06,0.003017067856341146,3.2198870364900677e-06,0.10553471771504476,0.0227684622365029,3.1694986364186715e-06,0.012641408477577562,0.008582713040523502,0.02684345475362953,1.1654942002428325e-06,4.767844624164882e-06,7.782967605572642e-07,1.6744622970764752e-06,2.2891083993041283e-07,2.2758192651158108e-06,8.73198176950343e-06,1.1940785499268592e-06,0.0009775008383756654,1.616222383873515e-06,3.510079515806756e-06,7.304763616512098e-06,1.9227463627019745e-05,8.320247021211666e-06,1.1781633129112615e-06,3.112333779473799e-07,2.9178846906059595e-06,0.004114439841478102,0.0009184396289634934,0.04852891127283463,1.0853023357797678e-05,1.032219559903395e-05,1.4507823347504314e-06,2.697076726632015e-07,0.049974083810384026,0.0012762840232118163,6.075287868547367e-07,9.445279291313923e-07,2.104575826824885e-06,0.01596762320847772,1.636160286810472e-06,0.0007282601770370227,0.0027312891070195694,1.5429009035673233e-06,0.04353179948765284,1.7928126884305216e-05,0.002764230750493998,2.770947650054221e-06,0.0473861386921319,0.07185232789531293
0.02175756808661003,1.2589792992671317e-06,2.574198944265908e-06,0.01940191900269228,0.16844297728247903,0.001698928091689856,2.8467902315632005e-06,2.6429505663788736e-06,2.7514843735116424e-06,0.017950049373912286,1.5279247754702039e-06,1.0796011445195792e-05,3.2887649447065217e-06,4.220507560691549e-06,1.517040999875056e-06,2.587541683502098e-06,1.2534475587942423e-06,5.689041087477879e-06,6.796070976598957e-06,5.106341510347125e-06,1.1667797326271613e-05,5.191495414188839e-07,0.0030889766146059406,9.309595298121777e-06,0.037661351457210945,9.752638082046366e-07,4.220999952167167e-06,2.507915263965763e-06,9.886770990010474e-06,3.4700310059052037e-06,1.4832518004281914e-06,8.4602930996245e-06,2.1095520759003086e-05,1.556523543995071e-05,0.016989598400491936,3.842168363290282e-06,1.1393192025071617e-05,3.4411799890026236e-06,0.003663667255103225,0.039531850803287374,0.00554496849984768,0.005956505969166602,8.655838203975488e-06,0.003428674783749326,0.027647553581726114,7.106122325850729e-06,1.5658967036657055e-05,2.0560652997186563e-06,0.02733787011948954,0.11877994426212818,7.284255102068639e-06,3.0921094591230096e-06,0.004067705388627584,9.374392702130933e-07,0.09919798128322882,0.022000577949992252,2.5169395131288948e-06,0.008895182556194274,0.014626678306556123,0.02471343178896518,2.1496329714973036e-06,3.7163320365597093e-06,8.542937128463616e-07,1.1300241435456477e-05,1.3912877263395334e-06,0.0010289485102146648,7.948417352617102e-06,0.0008545072660653428,0.0011786761793532614,2.499934871579086e-06,8.539800161256474e-07,3.165556045700229e-06,1.9521153687643254e-05,8.17750526460245e-06,1.1172460217610767e-06,3.672274073571699e-07,4.2366938172790545e-06,0.002619515706265952,0.00135238859577895,0.042373707995155836,8.372300016019363e-07,1.7498885598942914e-05,1.1049229385509492e-05,0.004467424830371497,0.05546485419437429,9.296283168023891e-07,9.151047927078336e-07,1.2827304283498236e-06,3.672319238404303e-06,0.01681570381878727,0.0012321216322958247,0.00882118858430487,0.00240310823697098,4.249315416515734e-06,0.05134007616641386,1.3698378992953497e-06,2.510247994818164e-06,0.0025791861162353263,0.043887189455298056,0.07087582462608838
0.023058768199097364,1.6546037030071625e-07,2.735396065902528e-06,0.020394594358148367,0.16864371634420927,0.002752509926482824,1.0669147131186855e-05,1.108629148013171e-06,1.4596089725285226e-06,0.014379427144402665,3.297176117182354e-06,1.0782848559204176e-05,1.0616956243074356e-06,4.121888057307188e-06,7.016032836909045e-07,4.0795116067056895e-07,0.0028544324965630867,2.8685956080707744e-06,5.126192864055722e-06,3.4145419547374696e-07,5.673470129019134e-06,1.439169089242849e-06,0.0028951648639659287,6.885707411890274e-06,0.03410657182152787,0.002207701801977758,1.0560935881103118e-05,4.422451804820949e-06,1.5890008606230492e-06,1.3614921870883959e-06,6.237327275273361e-07,8.971682156743201e-06,9.676279937581042e-06,6.079437137101969e-06,0.023145282150596677,2.511345669852577e-06,7.430175006000449e-06,1.1072503248305306e-06,0.005529928475781103,0.04183589869903955,0.004336847232859494,0.008026040921799985,1.570056831672768e-05,0.0027973422003663025,0.027190549468052622,7.317625720790867e-07,2.8871643253353655e-06,6.581842292254232e-06,0.02762867426634411,0.12042399237784411,7.731867818890228e-06,2.5456851192883384e-06,0.004265152117636465,1.2364779611625913e-06,0.10428419531640828,0.021797168845520156,2.242496396610384e-05,0.00834999199914595,0.013773700903506648,0.0279773291078371,3.275417671349916e-06,2.158859619544803e-06,1.4925429806293363e-06,1.3385042846797753e-05,2.045383167985138e-06,0.0008418944878569601,9.234512589770807e-06,0.0008010612983240536,0.0009105216060259359,2.090033446602243e-06,2.707994177293948e-06,2.2290034126210054e-06,3.96966538772758e-06,1.9852274657952878e-06,9.033535095261796e-07,5.641992680806889e-07,0.0019949694695235885,4.83136507374931e-06,0.0009624477559804378,0.04370896319023065,2.078980041070242e-06,1.6497324655098498e-05,3.7714756972357636e-06,0.005115198034003722,0.05306337337749281,6.332724747902678e-07,2.3363765727026303e-06,3.113683783901516e-06,6.954912258527927e-07,0.006255865544760872,0.0013111385722168576,0.004653739406226051,0.002230659015917523,1.2651006574767607e-06,0.0489147319884368,1.785884281138417e-06,2.166070299828372e-06,0.0039632364614361065,0.042813984743849884,0.06954499763844427
0.021152181592510068,3.5136998168268054e-07,2.3737074598673043e-07,0.021178443630447505,0.18114471369685092,0.0014779439715585472,1.3662775122306897e-06,2.7980973006259704e-06,1.4938520881089757e-06,0.005529141072221848,2.538278309702547e-05,9.073938536070353e-06,2.538621434388784e-06,5.575467149774973e-06,6.034925909494116e-07,1.8131927383942928e-06,1.9751999993220134e-06,1.0031502252356288e-05,6.245132267073184e-06,3.9670177766820755e-07,9.423505128718438e-06,2.2730940572933388e-06,2.0753478429864827e-05,7.128122467559762e-06,0.04389118965109585,1.4261173132533526e-06,2.3646517519128067e-05,1.3083056515560062e-05,3.9315772132023796e-07,6.7231648369387795e-06,6.326417855549679e-06,7.727567993827022e-06,1.728756852647927e-05,4.134970541826055e-06,2.3664295873415074e-06,3.070473372132418e-06,9.21448976296483e-06,4.23242806040536e-06,0.004724057112416083,0.041206362735932166,0.006678268119665593,0.007512438163066248,1.2366819312144784e-06,0.00577446800338185,0.03422874944169134,1.1119737778424075e-06,1.0462555633772552e-06,1.2765153768134376e-06,0.023857853788394983,0.12757641005638048,1.504177671540131e-05,4.982932789448868e-06,0.002664439106583002,1.2713585379847136e-05,0.11534768323794646,0.023863739390675008,1.0469391043779544e-05,0.010272391006481415,0.010976335968192632,0.028586497322330696,3.780910403848907e-06,2.1305425955110885e-06,4.7505941086544977e-07,3.3313913906185165e-06,1.8079776213244466e-06,1.640835081898812e-06,2.610542315644062e-06,0.0007684768501982409,0.0009399392904999933,2.724383100675859e-06,6.568448112298329e-07,3.8092363936200477e-06,1.162246860275371e-05,5.42978602177384e-07,7.108628636764233e-07,3.990535451391435e-07,8.288411931507384e-07,3.263018812671855e-05,0.0013954450456221653,0.05170189525101789,3.812359619038891e-05,1.3056464218237554e-05,2.617381409854101e-06,1.2245885573782525e-06,0.036850613993044644,2.710652150822112e-07,2.8381040893306434e-06,3.290385206058373e-06,3.178204371887413e-06,0.026050215083225442,7.46820023101652e-07,3.933660416737142e-05,2.6149967805599105e-06,1.7186624445278822e-06,0.03494810299574725,1.5929644605538095e-06,0.0013580441039393665,0.004579503671382205,0.044822209450747226,0.07850496257181994
