1905.3477502974968,-0.1
2754.1941508150985,-0.1
2092.7732091870216,-0.1
1658.8206309044124,-0.1
2145.7659625862093,-0.1
2586.75635411387,-0.1
9742.32040554674,103.21341252673899
82463.33532309791,1266.9784430772438
132754.77462512054,4299.454723409835
79458.79422272804,2222.451278331575
99422.6482325682,3156.98349962426
90745.88545172814,3861.246557682837
57696.284756645124,2261.10421410371
35888.429742523236,501.5151540288634
62601.493042513575,855.8552998216968
56106.31676560308,1240.768289630457
33070.42971533255,586.5149263800263
34456.41706038144,879.8177029946376
25277.279661969726,403.06016258599607
40595.18143892649,469.0713592072093
39843.25353725602,520.0279159059783
26148.39990897954,367.48323378872766
23097.233806637647,412.89732007006637
16724.934485505848,424.6683379200802
5851.392915529851,117.23977530493777
6326.648882059239,126.69822889620106
4303.577818547866,84.21553941384117
3927.8262421774257,127.31363813099371
1249.3573540102527,0.0
1159.0508594807532,0.0
1338.205097637874,69.70621634382076
286.4738959861029,0.0
6622.92484779905,0.0
19302.302037645353,0.0
11681.192180410791,86.48010656713095
33397.654964569934,414.14171420669334
153117.61684310052,8265.332124666944
144387.81594214146,10445.214775601691
170160.62531997907,15061.517208371371
143022.40703372704,12533.988061184136
103208.80143683149,8825.892720383496
54585.875627516834,3470.894358304675
15210.599280962611,611.2741825851028
15856.597218918763,905.1848223808643
14093.418027619426,1065.841858886257
1863.5681891950899,0.0
8142.838626498762,47.675999475564
10953.922956434048,70.81961945508559
2421.23088039141,73.96939918633659
19986.520773613916,73.30968486611833
106334.33151241009,1874.3358151591478
114007.66240911304,3782.013988781284
57083.13651588545,2121.8220023357317
45750.275846162695,1603.0707690577142
46792.331240251595,1944.2681239004996
41172.02658864471,1568.7281635620704
27141.223570734466,678.5202074418078
15792.004877954842,412.6469201478798
14271.607615082301,583.3997526785672
1344.328643886598,0.0
80591.3269062715,2899.6754165502584
129236.25711170424,8085.071540656062
128709.39441934245,10639.624653891191
165399.14491488534,18163.43780386801
160209.05854376784,23130.6854359631
68167.86080841608,5946.628740041208
37763.52354760589,1671.7305634013908
71286.9616263425,2043.0111738976505
8501.971497187089,389.13655406863285
9521.095388803464,232.16435699234762
38729.983084090854,490.43244650768884
56199.84514801392,1054.5573120025228
20810.68458535247,357.68932165414043
28112.411308071372,757.6002404333192
29452.121204542433,1069.2063684958239
25655.784204963344,874.7518664270389
16023.89779716381,341.4175610790908
15094.459317356346,384.53523678423556
9492.12105522404,217.40034487623666
14627.283554591537,254.9459087712806
4276.288192720218,143.6992405134837
8057.061583505284,181.47651044178133
19958.754037508592,157.13168550379817
14824.753246911507,167.9612666102609
11447.962192059449,159.64023987781337
11953.164379454201,188.43411132568306
8438.57378990863,127.00359177276441
6302.903922991849,111.31281750954565
725.6606086135299,0.0
769.9216843263426,0.0
865.5425433821786,87.49423152784045
26034.845729220757,315.5095381693646
170453.83570742368,11501.477963770041
317271.92693597125,43186.86608845176
268443.14186542935,37188.0531130986
22064.02583704751,762.7007797273784
38829.35971413278,148.23369419246805
39974.490852783085,288.3130093409054
15183.342919725692,324.70532715810214
25508.09055812614,774.0125000556632
20789.831183168782,641.2365963933971
10713.018098045897,197.31470749006724
36019.34439364972,745.2229390094109
56417.26570352419,1902.3745796731162
58259.687140640344,2221.2233703705783
41412.272029387736,1830.285306963233
23205.585196554395,688.8885603086014
11317.001212920071,260.83878727018
2394.2297070807786,70.02309254690368
5598.391390648469,133.43907412243396
6064.652573042086,142.18167382945208
6366.690046295577,113.93170222527701
8385.555137141899,115.75362936216324
8827.429656163631,122.95296225837919
12601.94703904126,129.15771427346
12953.448390661393,159.42608929433032
13757.903855555538,217.8644628107712
12864.20583065329,223.17576815216745
9721.038160647304,128.48264860279886
25886.88106507147,311.9175811727518
100694.86428735523,5718.814497594502
83785.23105043363,6677.179429415009
147350.48489985752,12326.809024515249
162693.16034837015,13500.085177507648
164168.18586857605,19060.175023806907
159748.25892505245,19891.215120855995
127732.4439317224,15597.88368425044
66817.25137496863,5601.818415499621
48660.65700375125,4616.438113621575
19614.800042623283,967.5585140053516
10194.869937196496,170.0060817933805
13591.366857805748,141.86699792739682
13795.930663792518,290.552255291725
10187.945949266401,264.3114143116406
6889.547797870232,389.8426140657951
7945.972748569761,187.16962901668614
22171.90958565863,265.4201653244658
50259.36858827062,668.12186920137
50351.78644784338,956.1892986896826
45709.4166025881,971.9582205917276
33827.42802767484,657.984054119336
9297.943856118483,145.73192786185575
9012.952108525074,131.78987799979745
7632.54108174322,191.48500933111623
6441.913715839926,191.54698514560928
5653.456077646591,203.9265537534028
2673.430770561091,108.33478734985175
3819.2063529959983,92.95341496102314
82329.17339318144,6138.600635791174
243686.77650406072,21418.53116078933
93069.78391163131,6641.432139770378
99331.02909664961,7709.395379613106
117651.48239910038,11213.965389538758
124674.3963982941,14894.305176585007
116006.42175276381,18289.748822623846
7516.004836386467,92.03540935349884
40156.28676316611,423.2126672385356
43942.15789197086,459.17210002092435
31181.640697487444,449.74564752294356
56186.52575148891,1644.8001741080097
53003.19471788516,2073.8449845282817
7291.500196647605,217.27389650337108
19052.017607141937,411.6479014231635
20955.035747648384,283.17581718820725
15321.176315664543,588.8321073657655
43045.40976763594,751.867057784598
46976.27846243549,833.8881199651621
17687.526333130438,451.5424696343074
14582.84171069026,180.08337431844177
9565.244216155683,134.31349715374503
4388.743432990733,103.14823378821269
8749.518377949822,142.0089212528956
27734.992858487032,245.83460860613266
43874.3131095609,1019.7978610243993
104269.25436286056,4470.633653111934
174670.7253108325,11685.045896176725
113221.24114307892,7065.352884778908
104569.68880290275,6846.916245309563
86434.97394032605,5935.122352930182
74146.37794919053,5728.858922942211
47303.427999928885,2859.6279108515137
4456.565074928535,92.86241510211269
11568.301272632067,60.736974432995645
1638.2987556378546,38.9133995719526
5114.908967476061,60.279944015691264
18983.731164024222,160.56275203874083
37550.69452143409,547.3722748023852
62060.46598685614,1269.3611328768193
54088.97853086802,1711.0516602213684
11806.839257145919,234.7719451411262
24862.402961754102,522.8672675765935
28502.48171991793,336.5494186946975
70947.52172003401,1293.5724217897223
131456.1776530732,4542.279691885083
102401.91770084434,3872.0461573274656
123242.53309932447,5967.959784173342
66885.69205474605,2698.7373461428197
68134.88745048306,3233.262989886249
21801.456685228866,479.29141907233014
10575.94166571191,251.82089707444538
59268.66629618161,1396.9228109064788
106287.95674846938,4941.560989223317
119874.69637594254,6549.101018255888
160132.9248715001,11942.44831427377
162701.84360073536,13824.476774307568
53852.68613558624,2519.079418184468
48471.438024624,1965.1367272297362
53817.76807069628,2255.00255783503
48005.36505578137,2448.989371039312
42103.18651900628,2176.984646768684
16905.938203184432,588.1415385881495
6974.04158535263,58.34724940194069
62888.553442741,1008.6608615004884
55893.49933557774,920.0647007293518
55441.2517775215,1120.4477023143904
48745.483184289136,1152.6509996825728
6015.56603064523,0.0
5228.573549903769,60.80403279309683
29728.511646584335,125.82796620628932
98900.31407661799,3127.754912693646
141634.85424294748,6662.890955286177
134673.4910759162,7319.340354108392
146432.25193873854,9457.256302851789
121941.40344681777,7987.800324724763
91048.14118072203,5965.680324019454
24625.21520036653,679.3525636410267
25327.416721945672,305.92819553248574
38547.87099074233,540.1332988569638
63635.81657724263,1211.3992451382749
51672.297561030064,1203.2524747939856
46835.345139717436,1078.6437279883583
36876.47356176185,931.1088256393523
23153.579474343,528.5281116977906
17282.229683899535,334.8858915972843
5905.530137057065,176.6326900675427
6329.389711612219,106.54116050545572
8360.49752384413,142.75662246139134
12874.902490373282,141.66822415835136
10226.874589113273,116.12567268187932
1991.0164374532606,64.64163841410299
2048.02349759072,72.41152418243227
3191.5270083548166,73.74083879081938
5140.872043391651,81.69330465039252
4502.266360173139,88.57517195801962
3154.2349944817565,81.67166284932765
6116.56401304516,0.0
18242.95664955291,122.27695639777856
17085.022378385063,107.97652694581015
40392.4680507219,715.095625023537
65961.91140548118,1314.9499522969759
85038.48845450587,2318.29828215591
43905.353425485,1977.40818615311
6278.228181546202,110.96878780252044
17314.0179727818,264.166342457439
52590.35353484228,2616.9587489676055
48203.92934871111,2818.4302767981103
66214.60259410192,5240.86256278389
92613.22331403891,8931.79790786143
85171.58460677948,9084.799321082097
18310.0606737495,1640.4749933480784
23313.539779865238,162.07010668746554
29485.75929941269,223.5963738989196
24750.60657817697,184.7388119838342
18805.25453397121,146.5124221476403
7821.844629317161,109.32992854077978
7097.246122225638,131.20626454374442
7236.671333380289,177.96652348593838
5210.585271119806,0.0
1876.2124400387897,0.0
42848.155969370426,1143.707521153022
27140.13363700031,614.0448568698145
57498.884983537915,1068.0691230585228
82279.85408008058,2099.50818984038
34659.51523583483,580.6397107048327
49296.598274452095,1296.6806957845233
75787.45755365539,2741.446243178865
74863.05946033547,3521.3024521654756
25130.470823635118,1042.82294332149
7119.563756504079,283.7499374782683
4789.239609412255,116.228733479923
8625.013665456108,184.3978691571302
1370.809243999201,79.42742121034674
1986.7501628437842,42.51789955356206
2428.880023631507,56.77245506835857
3475.3435095629793,71.4399784096106
4570.291123353411,71.63360925397822
4398.672332416943,77.47397697943019
2579.148579601566,81.97730262684996
1742.6512834633363,71.71591201286759
2454.1045710165063,58.33270397212112
4310.799523395442,69.01213172665052
3578.1884418235704,63.946641482774425
2758.884671647455,67.94642037155005
2856.740048993651,60.76926622544468
3316.7596246626367,59.419759523973454
3284.7073122770157,108.43477682926607
578.2683740027535,69.76799927906401
3062.2239487231477,-0.1
3183.333710521408,-0.1
5483.181587524714,-0.1
9197.411782806095,-0.1
10298.191261743432,-0.1
4368.1895470066265,-0.1
1572.1794041863513,-0.1
4490.074174523195,56.46444954825455
13167.671511188311,107.64472600122255
28795.954340605513,217.2523922765999
39791.22224134497,419.6498155828803
19930.360516681176,303.34441241394995
16990.00710722009,345.42453774112096
18222.098017388616,357.3996836278599
16166.473634280832,244.6630965477591
8470.535386576817,144.62182004209225
9229.57513696606,227.64003697645424
8560.892159938534,195.06081064467338
10405.795976998792,292.27356764744303
7647.3967484067925,238.97264788287396
6859.345894403983,249.5907748748958
4689.219911523079,161.84888313535745
3540.2939993635273,126.50376448674581
4453.910576990548,177.86167516749626
4968.293874681781,233.1537588268281
5393.951832209593,293.622591883273
5246.775735370425,301.4551995722774
3046.541768115304,140.757912964745
407.3301637815239,70.55108173933145
379.65919040274696,52.206599425727404
1815.6697871330884,55.214024504396875
7794.065428931793,-0.1
7932.676941200758,-0.1
7044.597818647068,-0.1
9447.621704490079,-0.1
1009.0527107620028,-0.1
1563.6370109969191,-0.1
24153.193753301417,79.11809078060817
33401.075708319215,121.15815201552338
18515.592559337027,179.38389169905273
53356.263877773,423.8568741266114
52185.116030794765,495.9299005216813
44498.96006017383,499.88071656252487
40229.03233130551,506.30974385196237
30353.656125620764,383.4683275642824
16476.027183548296,153.8179357749011
7083.603079774249,70.31896203793481
10650.107560281227,100.94704313015232
20449.326787406386,93.92103185036943
11955.649928064795,91.65940526486989
11663.566991677808,93.88834805412954
11602.02036563847,106.86198214364356
11387.926442071961,116.0932572044189
10743.85887970614,121.21853902494777
7148.57671378849,89.46443696785389
2640.2391973666167,62.03738686333468
2080.5332730300906,49.57599945466401
1992.2874986123097,59.21503297436566
1664.0213315977735,-0.1
3778.9253540555474,-0.1
4182.390804684224,-0.1
3416.580626371546,-0.1
3014.1562563164957,-0.1
3154.9776243427127,-0.1
3405.405658471652,-0.1
685.633812565493,-0.1
737.1313965061532,-0.1
327.0734545082486,-0.1
1418.1362302834625,-0.1
2560.8354571053815,-0.1
6301.217516603912,-0.1
13157.44436262129,56.10679951769651
12229.731063634601,77.49460772612422
7936.638499735424,67.6997993004354
9698.726122979431,67.28796311402456
29936.17402154108,193.40726896584368
15603.587808657996,116.8102671236113
20260.674558279028,148.05791073581932
28702.985631946645,213.9011180397105
31396.287017612474,351.9977511417414
14097.489101229688,111.1898565948301
12744.726886233737,94.71239296175568
11319.103604586297,108.24267541075021
3590.8272061963557,63.91169402869229
6293.511938272184,40.83749957120625
15216.167001618844,53.97074944679982
19067.65378463232,65.4010209338361
14110.730094282484,68.81113263375349
8818.732855153728,77.36097149620042
2353.2113022250255,0.0
6526.668299341667,0.0
12040.460519713792,0.0
11689.408351714153,0.0
42948.09435216359,356.04920040796554
96464.46741045879,1461.704831076628
83017.4850313158,0.0
42468.786095904456,1256.0941818949625
45157.079105096374,1207.9637024554552
6721.738473599638,127.76226800680907
6000.76843100251,116.6100103271117
5703.945041937444,104.39762473869831
10473.223740402165,126.12113583238039
10039.614261768951,133.62774228964176
40995.72210257033,399.2491813478572
36575.4255965468,423.3556009807175
14921.827525302766,274.7499138655954
57483.47838038449,1032.7789369047528
84532.41519072241,2405.635333508511
21477.899183025438,306.1230127942275
22341.643454617282,271.38051968785766
20862.95280815355,326.35869113930295
9647.832449746713,143.84028178604274
5246.9882190457665,86.49956463269095
9678.93858635608,132.85690302472335
29761.84650074406,341.2413344646544
40708.801452556414,726.0390921780355
48122.029760807905,1025.9912653670854
6280.682492052636,61.72063401841176
37212.880085196186,767.5089334588898
92621.44560570386,3241.307637519172
38616.96322106239,1055.283499972751
26142.82013344247,846.9188366928925
24874.241105889858,897.8983628469471
21212.69714141402,807.1813659429483
24469.047196291172,835.2264828340205
6297.757435493521,154.31753173218303
13835.509865867602,64.45027900927427
26335.14486626428,102.77121444256967
17541.549631056943,129.38941258223048
47287.536958817356,1326.6903284384052
52894.42196378213,1930.2835727645509
28359.236909376395,923.9220328906322
47145.730934446845,1560.2220188590784
23957.257658687657,656.4481437333385
9901.061588376397,281.89513291508325
10299.7612721585,0.0
14519.262426836263,0.0
134968.9125066037,12521.110382464409
179242.46592099118,19055.27482628496
15435.299206506532,712.5114077759881
109892.86769932788,2247.920408427531
216533.16309407653,19209.914313326823
74377.51878601017,5657.83069754464
91495.55240646418,6508.851433584054
90754.2551468758,7259.85850996113
154728.71686953708,16171.88194387396
121095.46897278956,13947.743038750155
198177.52475037964,27906.106855297337
201499.03578570895,35727.530572080555
137141.6670874889,21585.509422374274
1612.4217665423146,101.3929584796235
6868.315178430212,318.51373896103564
11087.603761578974,289.98425856653546
10905.1178727281,317.6480781848848
3488.779986925949,161.46092230410682
14877.171429901808,113.42713784993398
53281.369763729046,313.84282531451123
8666.445202654273,79.62033938405195
14769.561309423008,159.480876489985
11240.094956596058,81.44023910149987
7064.529694888842,66.82028467888198
30481.62414989966,332.54943283098663
12225.226718157479,239.7818285826955
7426.980610855489,61.770982827048606
15086.821142690247,101.30948778552968
10665.080009764035,174.1444689620536
16194.748934126095,266.6115529832664
19713.36763478194,422.68294463416333
13785.279272007374,129.75313208249966
13766.817891382114,172.25308271761418
3363.4691120808684,75.4830577431636
34334.10496966235,372.1962063035495
120681.54671096911,4940.603570776263
154756.22357887024,8997.438907847756
159056.1454529744,10587.191831127666
72019.62071694034,3040.6104490249036
17627.35340608262,218.72997876682854
31566.384047952124,280.901005629106
8729.703268938298,96.92749384578563
9934.569215777521,244.98980436548405
1461.5246403691267,0.0
1985.6889568502038,45.74506362692339
10871.344224526803,135.2327127977365
71081.84534417454,6199.026703288901
65604.27649138695,4123.565034939073
143313.03381765666,9441.209775668063
132238.47410058428,10795.271587515155
81760.0003301889,7135.953315874453
91039.18079670398,9920.479610456163
93221.99010651596,10965.98264872729
74807.40477151878,6131.98974575302
6324.400167856027,293.74966802902446
2688.8013383287216,107.35037243120809
3313.324615976391,391.67777771955576
5587.942167679861,636.3869506875246
6348.284588955218,423.9386863180309
5298.4284097765,363.68323112173294
6920.510702667189,143.5413196950439
63542.38379624596,1312.7783152570244
91334.52736537183,3943.3567611258027
160961.83370255842,10899.12622232274
58896.429553273345,3444.0960879718305
97461.74645314875,6485.470108117832
60886.89036925968,4071.176522533051
46035.19079692586,3894.903975725524
5707.863020755306,298.85227578510325
16556.399961828527,514.4255972292254
14371.006608117152,286.7020664239905
10512.305796351233,277.32795022183484
10544.75828935133,185.88079637701836
5058.929722626612,175.96728732407522
22155.258143230945,179.34001335862354
116296.21755831581,3309.488780908653
82775.78685775504,1689.3637562452716
93467.17847156305,2810.21808619612
82417.96199671848,3566.875568701345
69781.80866601768,3153.959079204036
43746.588983941685,1706.7710605922366
15179.821624560007,325.63191273245155
14401.179117053352,301.41284492969567
11222.792010428422,331.94218571548555
9636.319071720856,313.86776517984293
2243.6588838218363,82.55782386176799
9121.702291600206,73.66436816857221
36557.03280692562,657.424985693222
98805.96228412463,6388.591290680303
165614.8809448718,12721.336133395222
143726.28938556195,11311.69911169369
112679.51983763622,11553.414940648596
131939.1324725127,15873.397114748595
30320.08847805137,1471.1684572733502
20942.34765219282,524.8454310164266
45668.92542973234,1170.9752579061405
45039.050554243484,1183.158386916347
54932.447029261566,1604.151353505624
40085.98722327236,1219.7024564380781
2107.8822564344514,136.29569365581483
58689.87621275905,1353.7324303028784
139311.66847055295,3492.522355778125
181347.38318310486,7822.628850919363
191512.63794621266,9609.811157720178
130031.54490742726,5344.640420858938
74274.07560952623,2763.1046278965755
63571.41553877565,3419.1198036189858
17174.59016661721,686.5943458452867
15992.577571543214,513.8803075040771
16141.55998388936,397.2352454810975
13390.204347303263,379.1165622161269
13163.328259144546,439.73712957244544
8679.455464031736,115.6329549983121
69852.23120737106,2849.355342349131
73868.46418456908,3125.954821493188
152463.77094045896,10978.917438684946
161943.2985076596,12388.108525915799
133568.03985210365,11697.271940476387
43275.436059005886,2750.7144827577276
19464.405025462383,998.5364242011212
19471.12158990185,924.6566272474458
15782.363290195151,842.8136842123063
35496.57286018826,1101.0415044392469
41208.888434502514,2117.3711208585014
33172.00024778027,2436.2702031855442
45162.141642135546,4167.94123426147
50518.25572249097,6013.664998325498
2373.3561440402727,156.04083470130485
23992.39194558418,513.1445055255301
52829.28565933651,4323.951992640736
104013.62011762722,9662.151132912797
172642.87936674623,22026.15895805978
67433.21288973634,8185.427550761435
36826.950841633276,1416.0578049176372
32851.5413691976,1087.4747607361767
41891.84155235557,1852.0227044278756
39363.09997664014,1627.6775589733454
45867.9495611394,1960.8038344364647
56074.25992403052,2852.6979827499904
56953.65563812505,3007.4521145836056
36889.929591015985,2363.701400909189
5324.320902477346,79.75346133836648
8882.153702583253,487.76464561130206
39847.3511514207,408.08332793228374
41081.9370283544,570.0798326920872
24403.875710069824,482.7715572353881
9595.619124146748,92.45443585922423
15302.298461734656,168.91852033185066
22666.39978000006,194.32186552403735
6484.39943573936,144.10580306258353
9896.985259882573,119.75921134818057
9296.783119067728,79.68139642367049
12275.567065609259,85.98492606772658
16090.021836925695,132.65356296614758
16846.465204704316,128.04658973905134
5153.974473658558,67.23033221205604
4155.958032856397,60.766654523413735
14840.761465658175,150.70673510735799
19325.931205877114,122.4620559496089
10993.937110556817,137.87169747872466
51740.931541592,763.7432568979875
30496.716126285402,478.3819961129567
6337.837215346283,82.40262748378224
47917.361728601936,653.2083922806771
101959.00953972084,2028.8493624068115
106419.27646805203,3224.9453527938085
32553.663699328183,877.4694205625642
56174.0126773801,1907.413568029953
10728.51863068156,147.28330206536407
28267.268216333207,424.45194930246475
67060.64606936237,1234.244353840088
74565.15526224337,1468.5440212218311
74814.05758047187,1743.5352369738685
67676.09408312304,1837.827844756008
59940.068181956936,1969.4214100063705
19008.7258494839,472.76051770591744
2778.7406423863736,364.6150466395373
1619.0604313293622,0.0
3888.641961023199,45.2265995025074
6303.2190353423075,82.66161807374753
6826.714281084712,71.6200156524225
29834.050262742905,442.47540978497096
22801.205637278963,830.0477650476503
30214.640660711964,1049.7023581648864
36354.249865046666,1720.078800768712
35213.700548215216,1584.849187299119
27154.280456898858,1340.5256932410214
18552.74184314037,574.0891886479033
13099.624504215357,500.2409991699831
10962.620154682545,354.7440578261586
17334.123669999837,613.5267656325321
18651.882551669743,579.3262499487515
9751.583645885084,303.28385300654685
11802.655291577234,380.8111412931279
14498.425595578427,96.79586215044095
37617.188707440866,192.16015724278682
36891.6784089809,328.8759615047203
37267.11172834713,419.9376473430685
28480.6808343443,322.91243347439325
23397.49826654543,276.38642420673244
18751.92460220912,261.9503586745254
10907.337394148004,156.42221243558
12582.570594600851,236.14613312852293
11506.498475369459,237.37632569016878
4695.975805042505,147.40989520145814
2378.536901212805,0.0
5465.346682630846,40.27709958715973
8269.944011417572,39.28056633482598
9237.477508283511,44.1025396319496
9213.687468505095,56.409693237703806
10375.748664470391,66.81418721658947
13005.165938365453,82.9151941334238
851.5332987316372,0.0
44795.68646093629,3956.8400721103985
71653.029709153,4127.4875406653755
162579.59887379527,12070.363140146868
139226.6852487722,13925.607302654389
39403.61661776313,2223.115500570995
62948.803000774555,3496.23462399384
120159.30796107792,7660.383582431865
134341.45685901516,13983.706884088151
115024.38576708837,13236.495116447282
115626.72191442795,14456.258710503735
125107.15871847168,17139.33090343342
109613.29051857238,15478.914883071735
91745.51331850281,12644.838007199774
79479.40338621956,11412.072025400264
40592.5976304321,4459.863590043084
25960.3225478577,2516.784061492793
24724.238008738008,2449.6850036563155
24119.38869636401,2836.3359591313188
8801.285789833064,673.3340320959085
10105.653157616878,1189.1116946828238
11224.17078656271,1418.8319522433294
10022.497567119273,1259.746226938393
7102.922219031288,933.2690236055588
2137.0785472793345,162.03691790823007
11324.54802125183,53.279823357136166
19890.71066946721,94.53575367759993
19436.937176740725,118.7745899646875
17111.52784365732,113.49807681629564
7583.670058836735,72.85599157583835
7593.8679198823675,63.64163151180375
23243.088133159148,92.18182777195399
19777.408136650694,100.09101001035954
18278.034065636522,100.23889903126803
10918.22574772537,69.77204366054839
7888.854080439823,79.55623305243051
433.8185368679545,0.0
23048.772851266094,262.19689931347705
37497.79964496574,367.88235145113566
59189.8552913358,827.4184897169021
101038.3792691984,3293.881142581074
76480.08408128888,2002.5928474994598
66808.98012497035,2067.8941579025222
26246.354702865345,556.3264408941659
46854.2925425205,767.4709045913162
80883.17449703821,1767.2654086595971
78909.12325439394,1905.0402835897394
2894.0169762165247,89.32506992933
2595.7603939036608,69.3229428144421
6678.237435414257,64.85636195264885
6238.50158897809,62.40602421920485
7732.087654896276,72.8923606487807
8026.827012216634,88.78650933345436
9723.511316019525,134.66718297849278
7108.288154074661,137.30978779908773
2191.2028758028255,56.786112142655014
2312.3615238238135,63.814771534844105
3515.29089648987,50.75150691048429
3774.687119934867,52.30788962608328
3254.5995242741305,54.344105817815695
3397.9685608499835,56.601746671410275
3031.636869263593,58.697052009397574
1610.9764142540398,63.88778467921273
1411.6351917892425,38.35719960364227
2111.826296087814,0.0
1465.0946885288058,50.90359944006041
707.2476989898792,0.0
554.1060418290057,0.0
1413.400875747208,51.004599693972395
6510.066390310401,48.89702293166987
28767.070845692288,178.3599339935755
52692.067813332615,388.69837350211174
56823.31729577453,532.2193294020441
28700.372597978952,252.50469485267215
16188.289400483536,165.6398566697596
19878.406759026868,199.84586586372194
17797.800454625456,207.71916668491502
10655.978865835561,134.88174498378245
5515.690255795342,76.48848559029052
4111.681742886956,61.606731052633926
3751.9933568572237,64.55828504324373
3318.8005125030277,71.45106639091922
1584.6182816143157,32.756999639673005
1509.377297602213,47.52792179129585
1173.577076838838,36.377199599850805
1191.7972053072644,42.25374956689907
986.2983992326499,43.78688855306502
485.1486223989274,0.0
464.54559420915155,46.8801994843178
459.45965476539027,27.261399700124603
403.5066024853805,47.46459950953247
235.75447842310672,0.0
253.65796175271012,43.94379951661821
156.6821886262883,0.0
187.08695482213466,34.9831996151848
204.84970432053046,0.0
81.99686859402843,0.0
486.9666414263264,0.0
26924.917462446196,178.29819047712598
72594.7029709872,509.74328255434904
77138.099754128,718.4444101590459
23292.86761850691,466.2802837445787
69141.49458003996,1320.9002003471498
11875.189380859334,92.6796723873273
22573.055616656176,268.0419833174287
36988.329214516314,299.30211048303175
44239.68547689451,429.2628948411258
41600.0229400791,487.4795899698804
30491.085132536584,244.84239629512524
24358.594367841957,280.4352150843118
1608.4790891787893,26.995799703046195
26121.553034141343,81.99878884102097
42560.92971335536,111.20340748593036
51054.579299639234,171.67687084907126
50682.23194478905,239.5717748397873
51116.77423251105,409.86742965972576
14307.424210412999,75.95228582035901
14231.963376774402,123.17748780414048
41789.6435815716,384.4541049838396
22986.156967433442,181.20714502146947
14692.928295550086,142.32900520368474
13343.581420277094,133.6770174493703
1887.8245003011475,60.84776625283023
2354.0927297178973,0.0
10791.218766501828,37.912799582959195
10520.613328363761,52.190945588408056
10825.491513022465,71.6536993636607
7267.5691186248105,56.46079955357218
2317.0671408450958,48.56389961059755
14259.951354188897,81.68732056064863
27206.63852210973,145.35505010725055
22756.279085536884,194.0983510129412
3131.362862542077,33.29249965042875
795.5683831675898,0.0
2141.2006821928053,0.0
1563.4005059242913,0.0
3619.79962152969,0.0
9600.118061888863,65.19161180546114
8557.196280099195,73.50664661600236
20431.85561132683,145.75612659901816
25844.095140449146,255.5457532399744
10284.668913135138,82.98603199720037
4789.215383167828,66.95227266221039
2654.280450835914,0.0
6590.761812046196,75.08934581747923
95796.84529914951,2819.370218807998
136202.65797771112,6410.039704561157
132313.03083080344,7762.469657290714
135879.0032854491,9925.277338985978
88165.43349496296,6476.773663164819
62031.484821666905,3396.0411614979275
39991.019641614774,1565.9477186952813
22250.080052109563,580.2000123473088
17428.033961003734,482.33374442727626
6934.935316810528,99.09590920076388
6326.294755626465,119.619024307088
5154.045373061994,135.4330040289269
5847.050169920732,192.17474710482904
1526.8448175291296,55.82584917672249
5485.90529489877,118.10404594406202
5669.289316089731,141.7498068250415
20070.221689651687,359.2083860908126
27533.90682051797,746.5670254333817
53917.64055545556,1346.913943446167
64067.8820359303,2313.843728966037
83571.58963536704,4852.783355933448
50988.97878887642,2369.799156308338
21930.172655153438,814.2445443587197
32203.425930790952,1938.42606348505
29593.224507723633,2128.407154417693
10314.775645960135,269.1967171260695
62813.558653580505,1067.6534801781909
15430.128066117115,288.8785452672536
70467.60262908314,1964.3676125230445
128259.75059827922,4904.21678370051
113102.1605319926,4529.37903030638
128273.80067397008,7116.032363413866
115321.39258155931,6228.947381424187
75352.25720652383,3047.723563948391
50914.07979542628,2402.5284667928845
32026.11053499456,698.0215346364411
18480.65173920542,440.99107069140433
10807.55835250236,364.1654354253151
13220.44523594563,460.5607447298319
11726.124151810916,584.1953102438746
8434.557671853912,167.22647427065755
6915.320901337086,478.1688504221573
6299.788394520878,370.44158821206696
1042.136897532888,107.5166704435092
1228.8395817353107,56.342462938981186
1647.5793867816315,75.4298162640987
1783.2246720598316,80.57571219919703
2221.0710065167596,148.8766820536173
2525.36955711277,194.38956753746126
1434.8312093405873,86.645842985748
1070.83631525468,78.25217799756695
596.5439468189286,54.49577449849231
232.3316991422806,31.430999654258997
593.7974795747953,24.682399728493603
20023.619264854005,156.07001423841902
32933.19214617364,730.1278802680171
84250.29289197797,3162.131849339659
84900.28987284582,3016.5867996068378
60765.92520861133,2055.1169160850886
53237.11520418672,2003.0733426382487
3181.576681315907,71.1165531018019
44138.6647297447,1205.9021107884994
124361.5905260959,3587.016452171452
163266.91249412193,10253.972494874166
202319.12183021524,19968.540373389893
61950.998722308825,3750.272418447728
63863.42718063956,3516.0505782191935
60615.025255357985,3600.037807823544
55261.680193754175,4281.23832849792
19787.890676301133,575.6327791907077
19807.07600281797,685.2373124709064
17993.502871219225,606.1009766018867
24144.349860551058,1160.4878539012286
24343.48005742844,1468.588130944044
16836.689878914505,833.8713963077209
18278.392496192006,992.2952650710496
11051.034333114369,553.6774545323842
5620.071178016651,343.5663043507672
2355.0047539254383,117.77375860871238
645.2205220250656,81.92662758056501
16218.719153189732,132.50450817710677
52757.350442995,856.0813001850726
55269.72446890909,1362.706016279555
85927.01804647992,5093.35601602677
170612.32901867654,17370.14452719737
196880.38208565244,24452.400921265133
153535.8173638467,18340.239544863372
11485.682350412704,699.1354191144959
13006.27082042528,482.6603938940929
38701.02129789289,910.8873327037196
130236.69545897847,6925.985717584864
129504.5881674643,7630.6128872991785
128605.07400081464,8432.237278679799
122476.71094670623,9908.221372935786
19464.10996895192,968.7060000920198
1672.9484761735162,165.25284433809577
36253.58963480828,244.9456900006899
31437.85249917267,272.9422614914492
28933.177084250037,288.10324123203833
32037.14689779258,1082.2430578756782
56705.93217084598,3080.4667950885387
229281.67820532486,21785.134283478325
75661.40297592011,7433.705938500191
16972.239100943283,2141.5954911202252
18641.353515041035,686.0919504544892
45563.842212729745,1730.3737825844053
83330.59197502455,5078.548743856778
46037.59694874216,2162.016087488113
58398.038882792076,2308.2088591297115
110954.2710267776,5344.270304571046
106275.60268619258,5281.530582233015
97926.39109070977,4724.467169154624
52291.99889188361,1773.9874190748635
58168.91235958283,2359.2887044184668
41594.582731258,1970.4236737917252
17417.317513933893,251.4913729268293
48210.540124678366,774.8820964012328
23983.720301739504,392.78489821165226
63542.02630620653,1205.0330189850627
51726.65968366806,853.2181237476038
43088.06273693838,967.5799233650414
43591.56381730731,1244.5446568240534
31785.086041989212,876.0803873195711
31601.58561841634,981.4071444093922
4453.689487134648,121.65783444708337
57421.907789603065,2202.9897052678325
151539.8192885227,6996.836477536325
177030.05416694557,12260.615691336883
145699.8237890903,8963.58603285481
70757.4179922033,3675.565280484258
28211.81754679925,894.5847871852451
22594.222545196986,805.7963569813218
22859.755912255525,914.8362580074078
7071.905313110019,216.26155818511037
4355.459215020401,84.78679482678766
2012.709956497352,80.03058499615419
37457.979361328194,819.7708016890473
147081.92156658016,5153.9576107318135
145613.15191410834,6172.199200103014
149895.37255232615,8111.273631431047
125168.31518225661,7411.093290122689
19138.684257491088,425.87943073212404
35650.875429375,502.90481423219023
41223.128954064625,1125.090781368466
112341.96105732933,3631.225343288376
60762.75585068372,1806.6944091464575
45284.00887380219,1849.8065471417929
35664.79735527817,1423.3567657962064
14468.23789144123,83.77823100604883
25557.45535907918,159.59107908727242
24411.02928437821,212.9562361547899
4939.642695366741,49.25631012483795
41763.70507532701,471.10157943264943
71235.08719095796,2616.5500795974094
47497.20720055086,2401.3599541653857
32790.161000064545,1513.6547294361985
28740.853695401212,1460.5532913623845
33146.01852087236,1645.0418864628386
25584.754876614283,1239.9345837694582
29134.20157031926,1338.2868802767457
31536.582958400835,1492.0536225468604
20244.85858377111,1119.4282730212904
3116.1125129421707,184.8723086831936
5026.457375867732,158.51228768209887
3887.6540707178497,82.53110832244803
16411.26557366432,94.08833788673134
23952.177620009967,119.22538242470775
21013.09100362344,118.08029724435632
15850.583045308907,134.4996577112176
7295.11833174722,68.92567903192763
44500.87356642343,483.73397108556793
106442.22279227084,2826.116321168686
105448.32810303158,3179.6664666986803
90680.897449324,3381.394874354216
69273.39463834582,2504.7588432281755
4135.174230742182,105.96076280688165
5910.511961524411,25.761533067130824
7542.099595650952,19.055759790386645
7619.931683776408,30.464599664889413
6526.104200029284,0.0
6484.473856634908,29.941999690599342
3822.519661243906,0.0
3249.369615989715,0.0
3113.17952479515,126.27525821313307
52537.17595433253,664.0937728247741
51178.61901711557,866.5950039861261
54792.75158576579,1124.0510009012153
59298.8712729636,1438.602093710809
35955.523389281174,586.6829356560834
20038.84862706117,588.8113535078716
9230.757680655563,85.3744972021316
19118.611024949743,136.94240062327285
57304.21415104023,454.1057319599445
77229.3108172439,1072.8304720034084
41016.67058867708,491.48371186237574
17463.23540261183,216.4419971201643
27325.92450502238,322.2352019702547
61283.179425163384,1003.0061957246246
106889.27365828695,4590.897346265785
72617.40727653803,3876.426847803523
83538.09248259623,5108.904186435645
79236.23338627022,4636.562797645161
73754.03494343163,4831.768789706261
52502.926614061886,3423.8359701200343
28781.15046021477,879.0528687919723
23967.602477465698,921.7680750549991
24383.793196308936,961.2022310497493
22122.600432891122,857.7298428768619
19241.821898769063,932.5932498057098
13536.302993529316,541.2393290244028
9162.849694618852,367.5333194540645
2318.4461962326773,0.0
1570.7511232838713,0.0
16163.258249410432,56.330076882893096
31462.637167056397,168.1358561686872
21412.31075730684,163.67074346879207
23396.014432625834,142.68363237811425
40128.62929413786,299.28909689920295
43541.79624245949,466.8576653212528
4445.112327490601,96.46644071587832
6923.85512994642,0.0
2934.455504270599,0.0
42595.70777584812,483.05200394443534
19220.267499016612,334.94239338503314
30173.542007602737,375.82036985225966
31553.765918945355,474.6001560548628
39086.977214079096,695.9272331883484
36637.44710556164,709.7329375680777
2299.5220379028774,60.86115729654225
8566.532129465306,49.51943379117177
15892.251406411338,51.00186515080715
17871.00322544354,77.58287409100572
12413.693566304224,85.25017017894567
13178.518441698918,86.26407969738054
13031.432726451785,114.70755245922683
4095.179313730171,50.071143589891214
2504.1861973949613,0.0
3217.293821551953,31.299866343234722
4488.219087025639,26.2532997112137
4744.598761292352,27.278199699939798
4341.395728262209,33.93387969307963
3071.665711860069,54.73050394149958
4357.7303629810285,40.788399578519865
9055.466830057889,44.926568199068335
9941.226074317801,35.517299627068354
9280.147886955525,42.23855998199674
20233.405998810034,56.37305241654645
25998.234001528144,108.44090195674802
32180.30858357355,193.1959945046708
22733.841113319337,127.2993074732926
9681.480131503857,59.71953258753679
45901.18780587342,81.27586930148868
34396.84993786202,123.23817313161032
30375.489714179876,153.26483597754492
28789.62965372439,156.2048828609228
37149.28822837168,701.0874373774581
7946.1221073723345,80.87056653249907
5648.738743267623,38.9695846560435
11925.438928071091,41.53249248331768
25782.580029350847,55.37290612861831
20743.25223710382,55.0561047549457
14306.467053044786,47.22487887182042
8960.159758889156,49.49028195240715
12366.121768257057,57.49871435194929
13578.92677777241,63.467003595628164
10693.050344994503,54.80684453195409
9649.02908132312,53.20720946989733
1979.909278198434,-0.1
977.9161291712675,-0.1
1728.6753065843036,-0.1
1468.1436608052477,-0.1
1252.3348705724302,-0.1
1364.0108073547199,-0.1
1425.681609425205,25.862599715511404
761.7249218409157,24.036999735593
44260.94417689008,1284.6078605124262
63327.418733266764,935.5641217093831
42617.66554667688,978.1005872962289
44932.574643416825,1004.6119150684835
42916.59387994793,1015.8214723924962
37195.92882558418,1212.6610363059422
9708.871784285722,0.0
15735.89608005502,0.0
15330.337156528403,327.13075603819874
14301.536844242737,223.5566520142357
12940.11841397081,186.34994293451703
20861.107148431714,202.11032397233336
24006.990599165212,198.54055923984492
52404.24190141062,305.6641299358659
57943.24471015071,491.56796100870116
51059.920753251405,484.55285955182933
44337.40540742972,396.09764144525747
37741.40561713721,389.90270602988136
28254.11073716928,266.48269774140465
6391.881279918359,87.52211969103065
8978.217645119314,62.85630787612777
22710.48196749087,68.48138857997517
24855.41180732179,106.66257955211508
11871.757272798835,53.37940465569023
6942.32384821733,49.74712465269741
7741.134109498374,55.15939616276847
5910.122058305126,52.17551549602154
5287.557155406132,45.217108592878645
11696.525788588788,49.446825965518904
12939.157080637675,55.91682026533046
10586.88765265551,57.02357480008263
4228.991350507848,44.128103790740056
2824.0493042727676,50.8486996949078
1957.4836162588574,22.519599752284407
1842.778764053234,29.796599672237402
2771.8559860429964,0.0
11226.354626272288,58.98068776406424
2116.4030437326937,57.999979753929274
32104.60413150599,456.1858811330367
61532.469869125176,1002.6831047887384
57552.1368838433,1060.8511549178784
41387.65553990654,737.6858343830166
76205.01626943071,2089.019561123091
63165.825217968944,1569.1919784680779
44683.78036743211,1132.368168339031
1446.6149606495637,29.179699693613152
4487.908353294772,26.959199721421605
9155.27156094297,47.90470175902151
8032.085654214878,81.52151818336314
8032.658598118196,101.05123493708933
62364.84657825014,1137.9314113660382
50734.29352709076,1669.8202966108995
41279.493098344545,1396.9709553192033
5321.044466947004,129.62102396735222
9569.926601147503,191.7505677150069
15684.410961979538,439.5757897862721
6652.218590991694,451.0091642255316
3155.6742818147904,0.0
6397.4096772848025,0.0
24757.840675352898,147.66627861778898
15950.773143600041,153.3555629108656
16857.449357981524,109.6046381062374
19176.396224318098,123.75577108184619
20694.461814674563,124.9508617870549
29003.528730019847,181.1882431127288
25284.4624669484,168.08251605148536
24268.222251888565,177.88837906200592
14767.94553859001,105.71078460137615
10632.700935284854,79.39343150344844
6636.066234594292,62.57640947494815
1473.9932136165291,0.0
4910.654282310281,0.0
7178.714706837769,27.7395996948644
6924.944588835082,24.082099747137956
6944.049669843035,29.257799824453212
2301.32980785389,17.606019806333784
1160.7989177722843,17.8308998038601
1636.5941074368209,-0.1
1585.4512966071977,-0.1
3304.6745507004152,-0.1
3199.160156760259,-0.1
4471.476457401775,-0.1
3386.4776381833726,34.77619961746181
1347.5002463615333,0.0
3025.8056952029574,23.496799741535202
5371.509603047602,0.0
12715.72398623978,66.21441870925962
7846.152449754273,50.851634312006794
6442.535012546694,55.612764139794635
2627.158186258231,0.0
2981.2933432754726,31.7741996504838
3522.5926820932177,36.980999617863006
3409.1999902619727,40.20679958452974
2613.622165983273,32.39319965987141
586.305385598172,0.0
920.2419945096718,0.0
2970.9921459088214,0.0
6796.332688394061,0.0
16301.91923965932,40.103110772029154
9090.709241314435,35.954305272311906
668.403889260436,0.0
7280.223463122175,50.16454067334289
20538.77047210998,114.03752876658503
34199.61936375246,286.18422251838257
39022.1122308828,509.64871691790887
5605.583094783558,78.98244294057572
2800.89185205537,52.219449573155885
4725.106054008705,0.0
3022.7153332730454,108.65510085534652
6855.93767927724,53.203135571803934
9191.524143918434,48.39188232394065
12953.965297273555,72.93866347161654
23791.701307543393,148.1023748188482
67172.87202767233,1111.810970755248
101348.70886777458,2671.407269790679
84521.52474245685,2901.7490458592015
38344.73380569585,876.5293219790198
21934.153557810558,608.1243522895759
1550.9507091114117,25.1995997228044
10880.145741774968,45.38423230801602
17890.385287516983,80.01939270516664
18251.585111264823,121.84850006820393
667.5754485553662,0.0
3319.3389607112485,0.0
9223.868991133915,43.326599555902355
8869.757793656103,41.71323961759815
2579.028419754301,28.82599968291401
1876.2234392480088,0.0
7449.156194142536,50.06766388978648
8057.037178918674,77.52079780916162
20595.960383209178,217.49550262602745
25114.078723925326,330.261906724919
23442.994253422785,345.1900701480389
19745.83541288236,260.6186060701811
12023.479185695713,99.82615076634376
8511.810516561593,69.60929622392639
7016.826403616721,78.36182242128491
5812.24584184467,64.15705301250196
4512.096916288744,54.547748190739306
3694.577598440734,59.37689207614934
2483.207883829887,65.0609196122455
1439.5172224014896,52.066624517007064
26119.69066663815,71.9593250860781
57219.7691229635,252.67913613243917
47450.94083055157,214.33181521919064
50366.80105895136,379.2502547992387
21153.551901454997,83.91731719073255
7432.083886923871,51.6349465562461
1359.3134372104328,0.0
2611.471835048839,35.02049963228476
2290.635387022784,31.950899664515553
2224.928825668314,27.63529970982935
397.47487782691496,0.0
559.0073413399778,24.458399730957602
767.956411715009,-0.1
498.7000546959653,-0.1
1030.9479173546636,-0.1
461.156299126148,-0.1
7765.4689289377475,-0.1
34161.55106232745,87.38036028722716
28140.66127649965,82.70023952651641
37970.55312061922,182.00602047128905
34440.44172893602,265.52330920739604
10561.161240278923,52.70928404427887
5827.659693230348,41.154049640112504
4763.808422805589,43.20588508499006
1779.4006683515136,33.08297970142331
4888.259485993317,34.342399622233614
17180.553184351273,52.0695171036
40360.19222145274,482.886648209585
19694.791361297113,106.54415657942602
18909.296930499542,170.15179346090125
19021.859649753675,213.347474929104
7150.154175939087,70.91616766427279
5741.8723953951685,60.22447176052439
5174.350389368582,59.89651505653907
4218.080108805135,61.92634659955285
3889.857447089654,64.76963193927729
3364.248719197417,60.63848811412434
1695.2949090573218,20.801199781587403
1639.84394841507,38.77189959289505
1720.9481836806137,38.52954966492701
1921.7396413032475,28.65279970392107
4017.429851055114,32.03969966358315
5873.551149928169,33.76333298444556
5327.803798976977,40.218799577702605
1520.9539213741475,0.0
1444.4431699906597,0.0
1262.9181389208425,0.0
2550.3428621726175,22.328399754387597
8348.298554168576,31.243199656324798
3752.076000836373,28.456599686977412
8195.05305662603,0.0
14468.797885874557,49.3409038948917
5371.78492104267,0.0
9857.252498319438,41.09909247414845
10446.557476969063,41.40996686117738
8728.23909540384,36.89828851580619
8498.137699618443,43.11427958355137
8390.272546863138,46.6859278313538
4639.757408443106,28.170399690125603
644.7551236781761,0.0
874.0820146479136,18.545299796001704
708.0115558941643,0.0
658.9525343488293,25.313499734208253
304.05545854082175,0.0
2743.4376472723807,0.0
1376.6464764284763,0.0
1770.5512371311352,18.417299797409704
1301.982433545133,0.0
1279.8418316778107,0.0
798.3473775697888,0.0
9249.60903375788,42.26019964374227
15272.345048901594,60.74079744098514
3326.7848827860857,35.36339961100261
12077.511261754686,79.14596367392211
30982.53304991318,423.7698786467729
55396.97051693784,774.0894947621086
21333.907618472105,407.0831411917249
15511.038088435202,360.8519164885962
15064.80509573046,288.4099330959052
13064.88325977815,371.13701151284835
4965.091930270773,87.55411328228125
28353.043454152325,178.02307092371774
40451.79290823921,270.8456079030552
31098.192854621953,209.76219115536682
27300.902302931456,174.6807979251013
9273.577216916063,91.0220149282585
3725.924484410082,44.59082194164654
1091.4812002795525,0.0
4470.84371292904,0.0
28787.074763656547,572.5026856340733
24483.224140483107,317.86235616917577
28120.215168134975,472.9588316820462
24174.389569545707,337.1657164257767
19154.89735711467,242.82714826381942
13031.21653412379,168.63230025129894
589.8291220404894,0.0
14701.60905601304,206.71356362576677
18416.928689034205,516.4502208326462
41201.0903374581,1120.2854426501713
30063.18223986332,1195.7057813957838
67037.80332204008,2692.7945929376688
88809.44671760913,4329.856837292391
47430.551129778905,2153.4678083974522
31803.824610596428,2213.6917818912107
32852.5044923224,2339.4968225889597
3571.563073679535,332.71674022391676
4148.401770892694,60.872199330405806
5929.4395612646995,89.67012143029551
9035.519626906236,136.61485641705153
12552.446185023078,196.18208961974682
4806.181773998713,-0.1
1258.8122942933028,-0.1
305.3737634780471,-0.1
297.5845511880032,-0.1
373.025945190625,-0.1
550.7558866724735,31.51199965336801
700.1904367525486,0.0
550.3639227797185,0.0
411.54909179872635,0.0
3287.108809579075,25.777999716442007
10077.809597900457,0.0
23679.720085344503,245.18173359969418
16511.091776761692,136.14427522765382
19907.719113284682,331.0672218980055
34485.47613301925,715.0053025971943
28724.205560087834,506.63747477943735
29673.40601813054,873.4378064100749
30744.83738942816,907.49954905727
37746.35885151678,1241.7808126658706
15064.58051043099,544.6563874151519
31541.94770064274,1007.3396040513378
30608.42215334547,787.4794230616312
22513.518002254128,624.0218216061066
4501.185228784476,158.4062560709609
9203.179085299571,341.4931140093171
11569.875318988763,385.63798408385185
9660.284941472117,259.0639449650543
7570.204786049767,175.13750590438076
9015.964155896547,101.94978011473741
6841.611484202356,96.98881977201236
2213.978278356076,54.81407893200631
3634.4802943817053,52.83058676362439
2669.3641730549934,48.802499628249244
5153.133755384764,129.0157962420661
4295.729356033704,49.45597970595461
5605.7547391099115,46.42449951254276
9623.01383658703,66.78012119150995
21669.46971905497,365.07153933096305
29317.83045601381,307.98648545373175
15855.236562546881,222.36317991270772
55131.25906490321,1399.5912340295617
135167.60182665355,9236.193747845236
72138.36374508853,5635.015465162753
65041.19200728308,4481.404717121929
26043.71381860251,1518.8924838521268
18297.51150323773,1178.4606253020163
17585.191510156863,647.140365700955
27120.32325905132,793.4045551165212
56777.87146721388,1670.4857385363753
47065.76768404155,1776.1464300087134
28336.245021874394,1347.7969811775424
13868.201395686194,579.0491727848962
13990.129615140946,628.6655320524274
8797.320796577651,462.82829221395997
3344.41103402547,141.61329347622808
7272.31204609921,61.5891659503675
21397.27582416263,99.13816502829039
9098.355083521177,79.32445964639966
3079.9573369642444,52.051213447626516
7386.725913044433,83.19491494123231
2011.1006779837985,46.876162181745784
1344.2635430532785,0.0
7952.091293490823,37.16887962087743
11956.172330842464,50.32885905772574
8025.050933050336,51.122557561184294
22050.754717628315,230.27848925886616
72584.74907654485,2450.1578200414538
123115.30205768433,6499.1993910071105
68016.64241638541,3180.8450257262134
35741.16002744599,2044.5588745086377
27864.9602441948,1157.023670253271
20385.863044364058,617.5387945864937
27946.1982789001,539.2777360653675
31215.466551050948,497.324926099762
40170.641429131116,708.4529813801834
29650.44595215616,456.0734994903612
53897.01938632474,1021.3209370008675
18926.647934251392,362.4288003751564
9671.071980094242,191.93466476268557
4566.532884394576,164.5952526622858
4721.7662698496315,188.12473668158128
3550.8440062046852,179.15523347385744
10222.320893703683,110.95115598531893
32856.69601671295,194.51801452090874
15439.083031505748,92.3377589188643
22328.656509237084,180.5277159221533
18859.61158634869,203.69261141037882
48864.80762384761,1139.9865751530958
115984.86576750314,6903.538507612939
67913.64153444588,3339.588629751968
60079.60569332837,2254.0909304014535
78847.58216412897,4114.117642198448
23149.677288499697,735.2075616858428
14893.512668550782,244.67087905033563
40337.829195807266,963.120682397429
19994.15325983955,691.2272511262004
17185.940577280046,492.73338278326014
31494.092071234383,641.2056062191696
25832.627351012117,539.2050285058624
22977.23514799085,475.2384048423797
16245.61673967105,351.2542709859926
10835.059574339915,309.25499696554874
1893.1691409166515,106.66206513321396
2947.79948181643,40.6845995524694
9607.506122601131,77.91053945915398
30279.593820080638,289.1529657442663
15172.676427359858,235.45169538606146
37135.99005476334,273.0373747297394
41166.63787336806,433.120801706871
15298.804917646083,157.42724602522202
45449.132990531434,578.4221574622057
0.0,0.0
53717.84827788108,1277.6769309484075
39610.95994799772,870.5950288287468
9343.822777926074,59.03620571008581
6264.02686675055,57.917857602899716
13721.38489297471,97.88279235171387
39159.77070711949,587.2313712354713
6843.255212006617,101.17564940423954
16282.13445910789,70.96565375660069
37760.1823671333,176.20046176126712
56923.63148814091,741.3855208006449
43649.16239413814,472.1641462312771
41772.27922740855,546.3542342501876
15181.765834182988,181.99986539191616
14100.41189130138,168.49658509050954
13454.876795808012,154.8141063570114
9943.337213658535,85.00817467137273
12545.892316830716,113.923550823161
9927.48025487622,101.56996498816238
6111.239778269927,74.40727991167319
3466.0304145556884,62.741303491352014
2988.465694776028,96.19658873490405
5319.3767740584635,50.76842965516086
27758.94822832659,148.15025971388826
25552.81920300983,121.90014184189948
15072.646427415422,120.03074827926152
3813.7454582332475,45.84400529886823
15177.447746506954,110.78841104880924
14246.4320871151,84.34885618703402
21626.90051632773,144.76104047729575
7903.7116559922815,62.362468255925236
6193.204086701619,59.53254057475956
6414.071586104116,58.50662325125805
26540.459286442958,385.1504032983604
79065.96421074071,2403.736962540538
114122.18583111055,5453.7659875623895
84464.91837398996,4715.173779596396
19951.86105398729,715.8069777816294
17698.943883668904,621.7531841511142
16550.406868079775,321.2721893013286
31831.757132257273,564.9311780767505
20322.241724932865,288.6416852340232
17095.357841044217,357.79905627051687
9195.21314110402,289.34110317031696
3290.2834895923015,222.9075245840596
4748.571667771592,299.38845639110156
3660.8055186817764,142.6462986984745
1977.703747365756,111.45740633609178
1987.3914780967527,47.99075515115926
13486.391877272801,83.32282455010447
37067.98541519417,425.7682556508838
43294.17289881455,679.7271565522645
11117.722712121298,143.8900640927194
6056.3505542938165,103.53460879136671
1886.7562535739835,53.40584956114183
7912.382633437696,52.41906174245811
14737.216888249266,125.2345306591315
35065.701381877654,254.25404012041267
33154.15122189794,341.4625061074471
13129.374164626357,144.29566021437836
11424.975033520013,77.39777024321022
20268.3511934366,392.7224851222068
72187.21432072193,1776.3486638197935
33886.337004208486,969.9637185236433
28997.019597192524,992.1310836570491
8060.454226310427,169.92888612492288
9544.707200482453,152.12166950140883
40789.200680678405,1061.9757538151694
52275.622364109244,1437.3195142838917
51680.14639201108,1525.9398663487625
25761.033501540547,624.8075989241554
8846.50351429595,127.58940300690425
6589.538270186322,83.82686128778869
2148.103837688227,51.51364760892526
2330.291880599838,68.72568204661185
1511.6225401228482,62.70040566771249
462.0265004176333,55.1340046317087
52662.836326225835,1792.4315118606999
133581.10278381265,14377.909385839524
163990.6631422836,22648.356951096783
171602.67192444744,23498.56284955517
70038.70885416653,7426.010046567654
71743.17891421702,5746.055624415522
88853.70359259991,8522.867062113291
58395.63550731552,5128.166707906561
37000.305056503545,3514.433052085504
39837.529760894235,2754.871160071968
8738.451216283656,605.2220134234524
6260.849160966489,175.2517469504827
5950.246340715835,84.2128171094504
5943.887753622802,287.6109454353145
4329.822683916656,287.1594323532737
3634.1175833816424,148.58558253830006
2735.135677858054,124.76973281567341
19574.487144533094,264.8558783161493
26119.30206541285,328.88012425357783
27293.7482816781,457.14644504045987
29487.41172142699,664.6497743460033
24053.48304035605,580.6326919910216
8922.619777399557,178.89966550458303
1425.7980918392063,46.88321504152066
2488.453366995461,0.0
4090.838180126215,44.079287626014086
3380.313753757349,53.270881603219216
3283.3342013993056,66.60535565312114
3463.5111639423603,72.79755058507595
24387.406391341927,820.4567601381533
48932.79207870018,1636.455275101579
102558.99233974467,4109.4150553938725
109811.35435329034,6458.895607034477
37822.51425251454,1830.9362891405751
20738.55373111697,997.2462994551425
31950.33944544236,790.1811252780396
53223.66027998639,1133.4469584514359
54478.61964142806,1384.1235517949742
56093.98544734776,2061.3323448505303
43138.227027261346,1832.821120733829
25882.994464468822,896.1732774970258
4551.554853190647,145.59433169040088
4530.118799265878,111.60342663841693
2988.8201063935053,66.30893982399301
2604.478435517371,62.40288095584427
3038.073301320029,121.79962103682415
6571.723487989358,193.87114138588623
0.0,0.0
5165.466374895786,139.8394997102656
1836.5106710891396,79.733689268639
3191.9972812134824,53.56208287774948
5998.251007778142,56.15825589137993
7117.934581850429,66.10122656244418
1474.294331706744,0.0
6983.013959086873,91.62958165338499
1985.5208673502384,0.0
12057.775163081433,211.2569982780055
127415.20879289962,4779.017380948815
148483.47133406947,8699.616474433613
151011.51253798368,11806.18161073482
123697.62336311855,9565.860737173778
57282.221852788425,3766.457083776209
2904.0605989366536,82.38892335581697
20994.2174855,177.32571374955273
33932.807562375114,211.9273128183858
37324.07797833527,251.16119791572189
40591.88033876558,345.9295081918203
6079.367160739183,75.07169717526699
5690.471455501328,71.93938840356803
3810.016607072157,60.82297425871477
2173.9785470163515,47.1555162885517
1952.814309523719,0.0
1463.3745112923525,0.0
1709.4282920049802,0.0
2100.1787564714837,51.20290866986973
2529.3877524374693,45.02569248182508
2730.438976441602,51.27388713152466
2359.4882411704525,42.355559657541185
2260.5233841284007,49.499815886419576
2277.056012720058,44.978230149499936
1145.0232212892313,41.57377964825915
275.34037987319294,0.0
3422.4442712468494,50.24128958562598
60445.12780929354,1038.0529591700176
89419.08428824709,3813.0629523919033
112871.13107878104,6148.763031082158
108443.41483851873,7064.773445750393
72077.18690720614,3743.603114289527
21582.650433031395,906.9924965015311
43646.22726729592,1760.5743566179674
62035.28583845157,2034.309544439469
31427.416228690483,1315.972298846161
34871.34271706077,1292.3923428003484
50893.35373939722,1483.7691906631035
60529.97123738958,2127.395301640126
57791.65707856703,2081.4225706220327
7726.197539110277,0.0
30427.652773571892,928.02459015176
197109.15625350393,20853.183917138653
38435.10864126352,2229.53885913968
120413.06782213616,2980.9961014622927
165070.8805211658,7842.495733088367
113011.38455978931,6604.43521806852
133102.6540694925,10561.299709605284
133996.64559708402,13230.61107363251
82177.47525458354,5904.962351448848
90711.60574499064,7919.436491405673
84900.06991286804,9078.933081441888
25292.04378264749,1752.663720277891
7712.3338000668755,55.09503006295035
37188.27121620383,508.8390978883741
53721.67589158576,737.6171266518852
70467.32401861348,1204.9696758371624
72966.25095702094,1535.2748337079288
70550.97446356577,2695.6943406783216
5250.138328017331,63.0080854451951
48188.29099551632,612.4266131675306
20614.099462587343,321.1678580952627
69706.35194172784,1530.2789632480751
94518.96165115898,4102.778369925049
99254.44052098866,4532.207931903012
136832.2184437155,8083.401975399292
137361.48886027193,8696.405366243804
138355.31392950928,11376.24279624106
45703.73438854777,2221.6208981249147
4634.170303576214,114.87057206702593
4456.572614335807,166.6490191137448
15697.847407569892,75.89741904835897
47548.03400398305,189.61892315155242
76783.70397705895,864.0519277545944
57546.314897000826,981.2745307550565
15962.750779334148,243.21616769330566
26430.074538243738,375.97274885745634
44303.57465943458,518.1381951091662
33490.70686524499,585.0571531876534
1900.7703926130641,54.62120794589384
24804.36308024909,139.71197143312338
52885.91791003765,743.1298067548879
77396.3195672091,1266.16490168066
69071.60023561007,1728.7929490842794
50573.43511575601,1223.9417762872881
30502.21023343704,584.1102086588345
52016.28428286467,1156.1535487440847
30564.83262563233,534.2427245982775
42499.17897334045,1955.625624397582
37906.35497531812,1180.6799667815985
80205.61327495717,3174.6080178480365
47645.741558416565,1934.452584523121
15025.549063786342,267.0802503257329
15354.833496801077,282.6709369958253
4928.594884994042,91.06237891739445
30556.023356432772,1093.772764276482
92876.3737299563,6533.271161255804
255563.21209953542,27440.29413317216
58101.10932358643,2891.8860905221813
102984.51814521155,6270.969000952313
125293.9948350082,9719.877015336137
62546.60495224723,4857.46812246025
13653.433389044425,217.0787446790729
84994.10269062623,1536.4957893772528
57048.22127422607,1268.2833001778477
10848.986955027674,328.6625346915172
7698.790200541919,389.7948301867504
4269.50563261052,166.97870641903597
30044.008517622773,628.429984141638
55849.03915503145,1785.4035415724854
82567.93838557613,4210.958488706051
85690.1056071479,4292.2622949391125
43926.962573841294,2140.9098101603236
11745.284466951376,400.28588486653643
25133.65706681243,340.2064207111532
70727.27419568182,2270.1628624269742
43349.41560646887,1540.969210608963
32036.0756697147,1227.3960374404148
8051.80256590083,240.12861270961986
7865.328163751019,316.82858694899636
51765.31177368692,1979.9468753514836
14161.992098230141,659.3861739157437
135779.23749393487,9723.163673585372
125217.61861974634,9892.894000716758
64469.01013240228,4321.844815959726
86675.72486388701,4465.248519082658
96507.49133070218,6695.683994473252
96183.07754132657,6670.971047029339
35137.34364037492,1593.19695928182
17454.795139620528,428.41104851613716
12376.060010248044,234.4550139175591
27601.510303971903,375.0725071879234
39181.51497517052,859.0263524230035
22321.927768922924,434.6158868071119
25193.47786280691,538.4725350696989
31274.357958762288,542.5074466098617
31478.555632330856,846.8768918374562
21394.37696846746,585.4641831606403
19284.679051537914,523.8292260714245
4281.557807233008,94.29358737358457
3814.3257583099885,116.17085856695296
5651.610304864249,247.3881407065803
10836.127061027197,82.21117177932358
6793.893432848495,79.11488068510786
10759.705745925065,113.62858234342679
52946.2300739487,1854.5544301402547
52987.13724590547,2636.885239831955
6809.028139515846,210.30171280946237
141332.45701237555,14515.08378620897
284571.66575490835,54645.096254198004
323586.25215480843,72003.17479055488
274392.85591505707,68390.24368714092
96506.97182017217,17614.8683192469
74774.85311844967,6604.448559365423
89380.48976839981,7605.503869961114
96211.07093622567,7483.221578565024
31930.920395431058,2076.161568770377
41981.23548083724,4871.1725313908755
16496.49986031323,468.56671524783957
37673.09818659588,383.6072957534152
35632.34129813215,920.504290304397
16108.231534532486,381.5261819038462
13535.03802607092,376.49105030803105
14491.266987345674,284.4544895655485
16857.524883293572,294.39583755708213
6629.588014313279,116.87250753132061
5646.128755768167,84.31679450407297
7803.8186442075385,214.186637597414
10681.187515807711,370.7701121440995
6747.163016903563,154.48628582251695
2234.190163198928,134.77949300106545
1383.7122226283934,66.95199594390994
2805.550285387733,73.60248265948455
5796.425803653523,68.8821353247299
5482.070020920402,125.53168232644663
49441.49711922783,2082.2140656505344
110992.75990743208,5142.833877400798
176979.2402492587,12952.814843134654
62215.36801002458,3519.3333821554934
67729.06276366755,3440.595819422098
77835.54254628425,7641.906159519046
141706.73454408886,17637.809657288413
329429.68604167737,68428.59070773385
318879.29437801125,58294.602904521955
231325.2565351406,53690.77539555053
34762.17626359121,1958.3553728558982
39852.19721391968,1870.1249787770575
24759.767369841713,1470.3522774175851
22230.90628009078,320.41944338595465
18645.372368063086,543.3927441714807
9156.4180119813,309.68124247092425
7043.598045060362,216.52633164136253
7419.660012343125,249.19674649778074
7159.871338786139,245.89249901007173
6504.724032656565,224.9662306505995
6878.733192419971,272.2577381152369
6855.49034456514,330.16382817296477
6072.370723734924,346.35176700291953
1572.031604603049,54.7021993982758
1126.6967474736048,66.29004710714327
529.7155337785315,44.41699951141301
6040.624876172093,64.46819779004439
24117.816265808786,184.90475408963212
67730.361770887,1022.0997293056679
75681.94232690669,1606.1168885572727
73880.10475183833,1805.9908116883691
31744.33047255326,421.4945027656858
25001.90254340238,339.79551329927284
95037.20698020059,3647.204875629055
169452.52949268097,10048.420082120376
169883.9519661043,9944.898598124213
60188.283302616575,2285.936433413981
75059.19167385736,3812.3391868347694
103014.36779103868,5753.882252273496
150780.04191303195,9954.703331259438
104821.26414638448,9453.861229563627
19278.877841816902,120.88132705417675
57291.361572065296,522.6392749858634
59192.179432112745,768.788047062058
50594.92219775512,924.2429638627224
38816.02492246889,988.4508308401166
2771.011496415761,78.41166907903882
30376.098464379975,895.2647479015202
58677.902360652864,1703.4447776699262
86153.285565753,3353.3819887345835
67308.94327764396,3527.2658297512644
49234.68025363165,2916.725398697904
39906.83281006943,2367.163258040171
98925.38657661276,4319.930024100014
53549.18508299667,1998.4548655554706
60870.059362318745,2756.20230706468
40772.76528654774,1521.900548289211
11024.253057474112,457.617887359226
74800.4255988888,1353.9170263865876
158758.31045303648,4353.72057339853
133603.08879161044,6576.445872241019
105929.64254737577,7441.837947755172
79720.27095561383,6237.015736200621
42661.3929046943,1724.6421607305956
94034.12841790955,4852.55199412794
105410.01685303959,5949.084135566162
85176.64484336597,4950.813030218581
49521.96459384959,2715.9919126286127
43603.99476174916,1972.8048009778877
27774.41289699144,752.7329068570201
87366.96385661207,2347.357311797322
103816.26650614938,3324.5051368073946
96000.01436441243,3495.446322270729
92117.96845303096,4678.431520553105
73196.13942919525,3518.734398572486
41363.492102493714,1737.163884360313
2477.5785808491232,72.0416804564561
909.3625366394815,80.2701991170278
13469.36937209877,265.60616434858184
93611.72319577534,2081.9159480384897
98426.75809271331,3402.371513827041
123829.33532375949,7545.205559197293
43112.93372272768,1514.2796842235236
45994.3871431956,2727.7972723483754
34078.34906511104,1554.1627197840673
11364.806885826778,367.0545635824577
1540.8725316234293,82.15555257044137
1552.8952593987026,114.06868478370724
1890.066907592347,91.87494497870956
117.05013333672566,0.0
321.17548864142174,0.0
1084.5791129151564,0.0
3507.633943713688,0.0
12833.63157440966,75.30443043806855
43375.194324296834,292.5434851992527
20821.275870662234,119.6034696335854
10800.951858138691,48.2542440774697
22523.325564752085,175.4042139826411
36967.97448865467,187.915762418519
12759.973244890118,111.79526399977861
2506.7081457903905,0.0
2946.9182171638363,0.0
9581.512282031628,94.33007040263907
16550.647627801947,144.09456509717418
9794.8161767571,130.47267195097123
70543.29990064898,2993.668391894857
137354.87496443995,10796.863321213053
223287.6225538362,31596.085916703647
151656.39042272326,19895.884084836875
161006.38163312367,25769.936550186816
91157.16669309748,10988.397646453916
69545.23856174134,5791.042042094246
14289.434773439643,878.5777329884124
14533.554240303112,582.1989464728048
10705.39690809481,489.64018721928966
9577.693539671314,485.2606622931694
11382.311837906462,821.2471047879565
10313.632560888755,606.761869967643
3296.6258856110608,161.08179388077815
2238.741291103117,136.0681501105679
5298.858282669857,203.769978311213
4644.666704406909,253.99876072280546
3769.4964968296804,226.93113639399297
1501.080064695914,385.86046571082846
23742.12576124085,456.3370995586295
73962.31180427707,2932.691817128422
97777.02477105774,5431.061613433226
31597.579451876987,1503.8192329735853
0.0,0.0
15985.845186252951,183.3754294557676
7902.533857816299,123.79846013116503
6352.959983693142,138.3119449042441
14312.819285504274,242.21273846360148
50746.88645601587,2130.1451068716137
53615.59101275369,2438.0655163451356
97575.83166307946,5137.847867351883
25007.768870449774,752.2123496015113
35661.943777292654,899.5343730417226
14015.384767913461,631.2052701253127
18963.62523629473,1361.646268047006
6056.520049958026,235.59435539278948
8301.151689242815,157.20951442821914
8852.9066412112,222.38660237662643
13425.088064409214,398.2941032090933
4634.9688490343815,161.1588391351054
4571.582299047586,128.9703525212705
17731.774513898385,274.3623049988506
23546.86605614309,172.35245826140994
56055.07118971075,519.1334185871244
61639.38186215846,718.8882297113427
28526.369239334785,373.3001455743385
26607.44685084567,339.2276755966611
96510.35702760909,2520.4299028868045
116099.67719803478,4000.8307949998266
66972.08436784025,1951.4581461155215
21816.93496135758,939.6290541751987
730.8679759380136,0.0
2321.6633570059944,62.040472763552685
2867.146776833234,0.0
3795.367683931521,60.38164958789573
4006.914694525527,74.59483875045943
67273.46649463433,4446.567528799571
66266.49545932599,2932.6750253307873
40532.859136231156,1785.4851855528252
41866.989391277704,2707.2406569183518
19012.969199580628,464.73190356701485
9924.251243150782,257.25424461596407
12772.458691783515,498.69918753499326
6048.352653108733,215.41144533910645
3921.418814460816,244.0327531387186
5886.026702864023,229.66899053167418
5252.395778761952,169.12882918358497
8608.703008623186,173.06522093848818
17243.141308907678,162.76936949521968
16895.304211757924,186.16806307295337
21644.41487764669,267.94688635555747
38790.43462146503,381.2531072789266
34328.363152570484,424.38103727269845
14674.150812220663,251.12484396607272
5951.869537275862,96.55987031376436
22625.550934466894,491.2199299428332
78715.46752193428,3643.0943249062775
118306.67332234883,6513.892363209108
82849.4210938508,5466.9872696943785
27595.289211202627,1604.812737679903
19685.98528405757,130.0838903895005
9377.372478247771,188.83323561515058
115728.84537045231,10307.336206374905
249084.8251494962,49603.90502716585
297158.55354864825,69439.3556659262
310778.9263935877,80407.0453999152
176480.4704423999,33575.07275828297
18000.481695395734,2258.882663957507
4957.5505385366205,275.7162001667616
16927.14023493788,661.7930369401058
37440.3335262277,1165.11441103237
31374.570790914706,979.560579295939
31630.407325354776,1099.4882099109748
12765.724252194124,555.0225197694666
11188.069732280264,402.66888730058776
25723.27931394654,461.50958830425844
38413.76120727491,657.887243890718
32796.08638205637,751.5328512323194
26540.111803937936,739.5408660147042
25497.70877006559,762.4475379899371
4009.202199970305,178.13967612516063
17299.7936247431,177.10825419944047
44382.41865742033,468.5385577483856
47500.66657389569,1034.4572420641005
62308.60329951903,1362.9514363749463
54532.9338426801,1445.4708978544859
55384.18866901718,1680.5234927054464
53914.80075265665,1932.916155152865
45513.28922662917,1981.8689322259997
3346.8082812541375,152.58467836544187
31018.71444180166,788.6896838795288
77784.74274560549,1330.6118888293224
47738.8271265398,1091.7814582050605
60644.81248736566,2056.5854572104336
49516.0513230175,1930.7202167774406
9449.290364434177,247.1610812560262
17047.809807226153,341.20920427747575
14704.70603394459,370.1744435318039
24087.21925887072,420.57157824445346
17590.298477962748,209.93245456272078
20818.939779374963,266.64556342738183
29440.13706831108,395.4829655735964
33068.167503754106,682.2702069952782
49454.50678465237,1032.8626322256603
57355.41120037957,1252.2722642987626
56459.29214101542,1463.5128462228793
38962.18087952926,1154.4276494881428
6868.539741959938,119.73307285834754
13997.084560223244,94.32536597089022
98282.2612711912,1725.8967572159888
77673.17787682271,1943.137834453501
69966.28231859217,1238.5797919702663
84352.77615834835,2152.605769383356
83555.3152324101,2352.232347419521
63278.47587570588,1951.1193482097108
15401.26548711085,246.51412431971264
15711.140287004622,222.8136381708639
5463.745226993664,81.00789074175209
20873.84576856795,185.81849102354968
23225.065434189222,189.64472464521344
20638.595681709063,210.36886680480194
1767.1150978361327,0.0
31576.34793182327,941.4418863749049
62741.09936954214,2822.7612096273087
85801.50365643024,3813.9594758751755
67679.4583057876,3112.920343634456
31485.728696023813,993.97993256035
113617.02110230227,4522.073978834474
101754.74804560664,4425.985590120409
51064.94390656952,2502.2984269363965
91417.64390456576,4144.4762088587895
115930.21983695899,5916.35318835076
116333.93928131933,8206.685975373606
119637.42484001644,9654.598717809364
1550.8044563201563,288.04681988304077
1058.7808490849764,40.63119955305681
4593.214280987525,54.48190578631042
17253.735708396933,131.2141592132353
15595.999292789567,135.16940610698575
23428.5278198971,602.8072441114425
71409.61640178965,908.4880231321026
83967.86082955067,1745.1642204643565
8095.377163119018,181.0735620474499
30719.65593085701,383.8198620220279
82213.59308703884,1094.8249986010135
85436.40720442297,1443.2914830326476
82605.37463556833,1607.8153309150382
35965.74992174324,579.3549087399457
13594.15100614746,210.26130044326575
68597.68161070881,2771.1847955189596
86107.4918495401,4581.677689541765
149990.2914956687,14363.144967249587
123405.58747429049,10427.527394355377
70350.07462423261,6507.257438011688
48974.834551602464,3140.555125052743
88866.50421029454,6294.382663100494
116868.11273259691,7744.344698386594
106943.10284235908,6854.595659190463
157188.51739780794,14433.910676854044
130481.17025059418,12301.134205770597
123032.93309936814,13092.343109772428
76354.04946464846,6247.539861061006
8716.575396052953,180.72152176533916
5922.365527835619,88.17564871731598
11292.352324036316,202.44239159504312
14021.383063043895,220.45550193637806
10325.789838126573,296.58898303692365
4798.858031083572,121.6212687648807
2531.961731285008,167.4745212364772
16447.917846168497,150.55484257716773
64240.735938005404,929.1386439529517
47560.88073592481,1076.912550673711
68532.8220135001,2491.84545333084
73902.92213738133,2921.9660855023685
50641.58783667188,1635.890458369123
6685.29242416973,112.93698973901411
0.0,0.0
7740.235917845784,94.04665956912253
86207.04269837352,5633.394184912738
130431.02954577828,15098.90311672645
197655.48995877316,33727.2230483576
244828.05106704967,51571.874475366974
214375.46301089402,33450.109444420115
190529.72478695487,30669.47055885146
79344.35183833103,9422.542561267788
29569.01495911756,2119.3192127529196
49173.97900364431,6097.755478590746
76258.83136605719,13793.284432114193
12458.354572682287,3027.1770911634585
13866.192141208432,1177.4996684893545
9764.596496315655,910.826738991317
690.2584846061961,0.0
1223.69073030062,0.0
2582.0615133509596,0.0
2601.0273619581194,128.2921718908179
704.6044045059853,120.74033061329118
14907.232720067932,91.84356453448281
84832.35061406513,1403.3056503490168
57932.00671172561,667.2361745962036
40913.217567829735,618.0649875483087
29555.605916759247,374.04677123560657
2773.4934318596893,72.83317456344302
16076.057294435546,215.65088019690646
61265.38127616423,4197.497867025248
108992.86815609361,11307.278716819257
120868.5630455396,14187.2394492425
319872.0641000267,67048.98335617037
296485.85070212104,81464.76596219483
168054.0621177665,29620.42467091241
158397.55272946335,31573.97896846565
50218.66465752389,3705.3534393096097
90136.29839738659,5333.550027236332
114153.53705955134,8529.69259336187
55829.96153958298,4873.873533774992
37551.21511717683,2901.487201478857
43231.09774793796,3307.4869638942737
22632.958934868133,1613.7923963638618
10503.36414503402,556.6060674334992
11680.854976427532,1000.3888109711969
5141.924009407932,198.18007762601414
64187.82220016921,1783.3676517965619
82110.27283011591,3485.5160249682954
85339.1158849988,4126.680481084719
178961.20218493862,17663.445554653452
298677.76959055325,47370.02956652013
280683.56286180334,41587.06658162526
291698.4022308961,54921.17136355809
264079.83470953885,49548.760297305336
148561.35882887713,15647.18806947272
36790.27661733536,1670.4711862274448
9245.077799948944,396.48960566808705
19044.60997358793,397.356253939703
163134.1949318061,19149.034674513965
221793.62578712634,37668.060387985824
233654.15384021093,42669.16755361059
59029.649040603115,5377.17748033284
104908.82383231066,9311.576341462865
271228.0977907164,28949.175431468924
168817.1633467742,18350.2843302048
64391.52166007448,5320.819737074614
50601.49542695802,3102.7260865731637
21815.187010732945,1523.211816454497
38300.401559219616,4504.164561101537
36756.690645120136,3359.5398874945404
28536.930910721476,1290.8826455643996
24664.042869861652,1254.5459844608583
6040.6504619306925,257.48947038595793
2564.487615600354,513.4295970417695
5203.740914060638,0.0
25223.617030837388,166.99455176460629
149198.1768784704,9076.819773936691
169035.10163145102,14946.668882302778
214512.55030253212,21007.586662290087
170270.8608669594,17913.691218442207
108839.43018339075,7225.08493515154
86279.37345424735,6121.715508446864
67323.47969844882,5451.820491421045
37430.81536025747,2252.8497981417677
24070.401779707554,1001.3824444358751
5365.31621207667,172.2487268519593
32240.259248737508,309.4539304428975
28654.32801486368,281.9168579150119
143240.4874284916,7853.197524043133
286991.91507909895,31766.564340604185
231743.30793783124,29189.251285585575
227401.78552227476,33732.96512914952
185362.639683605,25157.646939203267
165119.48218749915,24601.185321204914
126447.85073754558,18963.64080854924
112724.64025429348,12468.896275180092
78471.26116420736,8226.603602452791
55876.28644669244,6311.723193129501
28581.562348212174,1916.3781881399102
13848.020872114994,675.0838886134637
8759.072688239092,480.31441514660656
18406.05839547096,181.6069350130376
78525.03525447394,2050.239486179217
156060.697884154,8311.262937157375
218462.35384337592,21748.64094685792
173642.59704715782,15659.436905070952
132494.93261128577,12338.069705762902
132849.5874443011,13899.430879015834
120754.16279569987,13130.979683564796
101650.12831215623,10960.211379661067
72141.50193635942,7425.4825253974695
11246.93034487911,282.43495316401055
12191.29304041952,357.9936881864144
7973.300378894451,194.06390701001214
21408.908757264082,380.4893677043743
110082.21685683838,5111.133992747177
174686.73107228914,17749.426500012145
220154.12260831505,27103.73314943418
168334.79225659693,20635.10215056213
174458.6781580989,20214.97422912188
168558.51822877256,17745.96779491403
166918.4919926832,16395.384038212113
157062.87526633032,19959.81833237177
89555.74720356475,12811.06034455325
27794.680121292775,3604.0466803691133
40129.3855199036,605.1693430278011
53323.67323889091,538.1085873193407
14465.288782403066,169.62634590258438
19954.462884688004,212.66648525661623
50944.27172549771,841.1135256991423
156536.59738405488,7133.4864732360475
231044.44974353243,20203.77846662421
273915.17751237884,30910.769521338032
283730.42209366726,44324.66699076569
217863.97176016725,28238.68080661694
100212.95338308217,8161.583726901245
101024.94261784203,8883.734609260331
60564.90461238231,5655.018767571871
44586.42712960005,3920.972570016464
37960.86704764704,3194.521647945586
25740.668577970697,1997.7263190282515
17513.92097194133,1159.4424498752367
9364.121326580558,193.26529653602688
53167.74982864301,929.8296638375477
107489.89626879527,2259.169740739272
81626.26550293014,2067.9813167739317
45776.95359055577,941.0539386194337
65976.88233205858,1425.7226452301875
63795.94859384814,1402.361691940439
39410.88478281373,846.8498153181049
17021.576886399802,341.7055273952765
54631.54534269079,1968.1446759434252
104230.8289610668,2430.0357800752026
83028.34926276428,2197.8748777871883
56958.72638501056,1474.834247168768
19096.44428996693,267.02358532439786
124679.38757605302,8910.313608559567
199024.47354169877,20304.606122150333
178397.93975566636,19747.20951095109
219178.5868893458,25576.679294574005
113508.33377496354,13549.497381719226
152900.8248126416,15617.914004026772
146939.60712216538,14973.780766324908
149009.43781584862,20109.677419360065
97716.1115768647,12243.568467588144
61525.58054968218,5699.904560618075
49023.22511478683,2741.812707067678
52637.31547514501,4144.620119275427
35498.73058982665,3099.8740569930815
19938.496273623925,1745.7266510251961
14431.9261636227,991.2922031027315
4650.851196531073,330.00304733601195
8417.312916718616,165.7997923866185
17041.507217283022,194.5899163360397
46050.86020568385,629.8130938593167
55759.46194671679,915.0923386049152
51748.83051005232,1033.299967540134
19995.129422570462,291.7229301818767
14541.937849748208,410.16018658302715
35671.27498631849,528.054875044846
78220.51970592629,1325.2822960937508
71643.05908229658,1291.4786657031643
38769.00987386756,729.5783308371615
6085.702698732145,111.88152538711992
6920.095722783363,143.4827333337375
166911.27864876844,17952.137566788333
122308.1201689636,14261.767496403798
163889.28061793096,21252.10925929838
178743.4425972059,23454.667462838504
159193.28029068862,22488.90021378632
224761.12444097205,32041.472480249042
167361.55881389827,26020.47882768239
181982.4019759759,25748.831341857884
100865.62889026066,10651.007861082118
122769.17338371536,14069.287962020859
72413.14950227503,4961.284460134389
61758.4481815781,3649.9161249340455
77506.672831075,11366.36556013201
33945.352610324946,2796.960758590972
8510.26627044925,289.25997723791875
10160.979352049795,478.55181322428666
12773.519226505514,866.9967289860424
13428.256663869113,999.3883470140163
7004.200644374125,363.82241542497883
2110.3746593187375,127.04462440272823
52026.9234952723,2588.245938689235
190044.8515353218,16706.77983173349
152327.5224682651,14118.708519280826
152694.07268003045,14188.575693722503
133744.00274991445,13708.607851310708
12770.139409714555,549.6363819043752
115445.23132910166,9645.692640758667
176541.24728925776,24385.821131250177
153485.9688012182,20959.354037034554
165043.91560450476,21513.347107059966
264125.0513338628,47625.00084424479
341197.3417344728,75691.0896370088
237102.54620060363,57483.02506441326
18925.568026883564,3251.233543210311
6230.789822877945,221.9609672513134
9747.994025746946,169.00656935883572
30731.852222069752,225.12203147488458
30417.827482621287,477.55082934042554
57126.597381056956,2321.971763612261
70906.32049413804,3434.619986914382
29378.199548394812,1093.1737112649603
92030.84263140938,2101.617167949188
106570.58318595831,3222.408158833844
44711.047153458734,1602.9002589677473
28461.476457264973,878.3956633420378
33225.63127780022,939.2803780882053
36607.3493257068,1787.7083032581447
25603.092105777134,1157.039542897772
5931.244439609385,97.0645054174756
36393.4950930708,738.4750683603224
83128.49630907046,1449.4936392090947
48984.637096329585,3016.178381123663
106700.26249409717,11872.144395270143
219611.04050980325,37824.2346101755
239964.01251589655,52082.51898744657
293848.1831325265,79219.72730268103
300491.80993739754,87849.50019003134
259576.6814042549,85544.00046134501
81093.04553866117,20019.860280551417
37767.15518657629,6922.121691613447
37335.2948186107,6790.646594418615
40318.3024360448,8779.204907198777
45741.501897964976,11072.576241997233
29661.20413270947,5992.155652918301
8298.878864243288,453.7074893768062
8445.353686326673,538.5947745825039
7658.320986768478,756.9552842538483
6741.356199987003,229.8023868999104
9818.179796212069,247.12909005424734
9112.476743246809,497.479624585659
5374.157685109551,280.04320595240597
4796.619409417372,526.7692707585546
5278.581097511406,787.1347534471247
2452.945415877858,232.71356806567965
744.320769060211,90.26580378737856
9063.052617605708,157.50343680547653
22971.90882701951,276.0955333740513
15769.688321384321,117.61727114259436
15292.867088721241,252.00935170558
41863.45591206317,971.9716379201227
183547.95944787192,13001.969588723285
223359.2268284668,24660.782442779
128318.80936534527,10571.114859498413
206186.52147732268,19173.031258860363
245004.9971017351,29372.953375825076
193698.4215792076,23527.077312775014
124645.45710965719,14711.56142245754
8456.76264589228,160.80963500859028
23477.944890349656,428.6483934832022
21154.535462815027,345.6938650827928
27618.174008218706,732.9493116624069
27557.925356758766,1018.2153781906495
14578.863690273021,586.3988588722824
16037.812010547676,626.6856019527739
13267.55458056926,285.67543253849044
13488.119802745528,415.8617141719384
10907.773551616436,281.33141172489394
11405.389493911522,405.9027683926989
10026.573790307137,420.6963296119088
8541.37906766499,427.45238578339723
5830.654792852147,274.01851861774
2877.6279006435493,186.95705839703507
5582.5964502258485,80.55017440206774
14181.707368963658,109.12755918119039
16072.980235904415,124.62954995173973
13891.479566550388,158.07700248668837
2990.243404189532,115.08789348723472
42330.241165611755,649.8283510034182
10365.689607143711,126.82260101824409
99899.89720140975,2916.641571614589
104956.96782535619,3339.9655847208405
98536.07304176541,3493.9881029932653
7696.321948952156,291.2006371270304
13625.681821730965,696.163830831595
16851.515000655934,331.704921194932
8691.806892015597,116.95664230228068
30989.961936599313,291.6357572922235
62796.09463969526,556.3687085582841
66954.4083793245,900.0836226497809
34144.31026109096,379.95756721310397
23173.824425727675,347.53181522871057
6873.177064991699,126.68369328721727
6575.785330845321,89.90479388055853
6964.321070792155,86.34053997024773
10247.400987700346,93.94602643484863
8321.60207024236,89.27849546699412
5354.880484995511,84.01052624434031
1814.83675635802,0.0
2802.127988305112,0.0
2235.2804602218166,0.0
35996.32321918942,234.19956423937634
55723.98588993249,599.9939191245267
75246.35560917275,759.6811424701524
70696.53769360489,898.1485893962191
65062.04103987724,1176.864183346958
48494.24795517481,782.658528562498
13641.780222323163,183.9268769578985
105212.72573277511,8330.657806996094
116778.52192976838,7860.0200523982385
161565.98753547977,19024.834745991677
141921.41135932194,18292.78129549456
16234.08367401796,730.9648829341093
49808.473604817686,3046.9972334267754
74223.77860962003,4003.372516397666
150363.90330200753,12064.6980190143
165459.30232664043,16168.197490381626
139587.2992186966,13718.085819690443
184270.15010049925,21081.094974774773
130910.67106968464,12461.574191738273
113029.41671256331,9202.131123777335
116475.41073962318,9701.264143812237
114269.18053174947,10904.819789394829
43196.6234721652,2551.1562192490856
29927.16905263077,1361.8943392929723
27148.073546520103,1738.1995625192258
5134.403695242832,106.80594428576966
100739.51761213064,4907.140929739642
155484.3431979613,8897.525153487515
175949.65718556606,12904.26699731161
170914.02531161514,15502.869587048011
134499.8120967272,11034.47020739995
109613.45267018274,8991.35144162847
63636.47317702018,3784.372264911714
17324.093862494978,731.4928415325558
33775.341493900516,1011.4968713993096
52059.27496137653,1372.0372587419365
52752.33255845437,1833.6050843402213
32966.1219513919,1311.4260506583614
23013.259111497235,236.80765265810334
39951.095880829635,933.1651230201047
83914.42650099006,4344.195599036096
183287.86120257195,21954.877804962158
358414.9222864414,72471.38055434624
83684.47477349629,6664.94883573366
43672.67156757573,2173.8701913363957
53683.49459853815,2480.8927615548864
86594.64970418168,8091.808085119761
115497.75217225494,12449.567521510531
97715.80654353142,10659.329363862422
12246.42767877414,210.0921746824542
19196.746886278455,1014.6792150817681
4781.008545437617,100.01157696694551
11513.34050768472,120.06465478722568
49356.10783693969,1267.8154115198724
105098.37862325729,5832.0062486333345
155395.06163429268,11707.820278810868
137481.7550408024,13016.241548677172
68981.26908979556,3752.2814635583572
103606.71467262841,8185.670111968304
21325.193431670454,2468.6504723830253
20280.012607713263,1635.1903675035192
260332.17371222604,10517.86607090148
282628.95258000784,17045.56245025011
99425.43685428637,0.0
70124.13972238003,10601.22249589408
16816.744583587868,0.0
22775.118932755184,815.4118762709453
152511.37324723098,17700.78002666946
136248.89273837145,14468.815765018984
200631.9740616423,28873.24057668045
166395.95348993692,24973.16773114623
308266.47028300003,47274.86083042886
209004.7517167358,33966.60466345647
200646.68016653194,41644.93081076842
129618.96505516401,27909.8323210496
19761.61596810522,1796.840708792325
29023.007460620207,4485.48507093094
4867.503240012373,113.46130949807741
4138.1261317767785,153.19964498874901
3557.8621898454717,121.05284021922898
62328.83295911281,2764.587928455946
302678.40035360865,41383.543303878425
257602.4519602217,44235.78018522866
102896.77183365094,13580.424258801393
204551.7476657184,34226.16772898066
72815.44955899677,9050.134788347554
65275.93858347415,9973.924871507032
27416.745133177068,1988.1596190302446
6447.059179999424,197.828125282098
9485.576836016415,221.6193068152671
6130.222878198629,257.09118246121744
9047.723729403373,515.1724013206025
9292.3449536188,633.2314024066256
8405.455028622544,120.5824223650572
54830.56347718114,2005.7252988359935
80641.76112903297,3108.5969674079315
185449.51251067023,24120.031681894336
184120.51194775268,34979.07382187936
186497.3760722575,35615.50779119121
332700.16493068746,86559.54164863343
326849.0286118499,93575.27901709413
49320.69351750263,5771.496738773379
33466.5776680278,676.8462013816952
44423.32846296736,2326.482077613156
11856.140890585526,256.8817794508723
14625.08444139755,476.0581791695883
14665.097920555882,736.4530577762921
58487.90695461637,1055.5626222639844
70123.82438556913,1950.0400901793807
82006.5356079153,2050.1531280451068
84120.36350890937,3051.4167802031493
83572.3870659224,4008.7207956926277
85403.72421831866,5352.708391940408
73136.33533158647,4663.253603172152
41677.38067746467,1817.710974139761
8710.123509861938,176.40416885513207
4368.694458117633,95.01688892018781
6541.015193081733,90.43318999983866
6834.914831909392,91.80881187385378
7182.467179059207,104.02128745287254
2120.6696367526383,98.06415163259156
40430.12749941298,1343.311021340328
144230.22941439648,13974.253970005366
131082.44203519117,12983.0407097952
270456.54544423526,29596.860286209205
230258.15022980733,29071.79457727671
204271.7450268878,30250.100910364567
66093.89115289711,6351.9072811766855
42795.8830012593,3083.0010707218353
23332.574397916822,917.8058513386928
80154.76664996776,2381.042692559505
66434.80494495147,2240.5315998151755
37607.58062122852,1284.3958913390563
33146.104680594566,1724.0407929347707
17569.01738522868,189.6643406374649
109206.87448800617,2500.496336690876
104758.65341567529,4432.334296993264
47437.104184561715,2066.2577373473073
17564.409621690433,358.6440838468212
18608.248391956615,494.03078156374363
14656.290233057716,333.9300281358226
10415.979625938346,209.96133203040952
9435.380285506571,204.24542523427226
8002.93685641449,152.24024686917977
18066.888037902732,199.6015517149872
19161.885516841274,207.06427856118646
16677.447767358863,200.8569977147557
9467.180727992947,153.6923381670256
21359.28423180015,333.4793801799247
92591.28561327032,2043.591869193785
107553.82267885438,3532.9165457443305
98863.50464040748,3822.0617287348614
90885.89748106543,3836.4825748951766
74408.26298472336,3481.8616488739053
18091.041676786586,428.8735598779324
9687.509613788712,168.45984823411987
14109.782686286977,125.58887825348265
20110.826438261003,115.86765718511735
